"id";"photo";"web_name";"team_code";"status";"code";"first_name";"second_name";"squad_number";"news";"now_cost";"chance_of_playing_this_round";"chance_of_playing_next_round";"value_form";"value_season";"cost_change_start";"cost_change_event";"cost_change_start_fall";"cost_change_event_fall";"in_dreamteam";"dreamteam_count";"selected_by_percent";"form";"transfers_out";"transfers_in";"transfers_out_event";"transfers_in_event";"loans_in";"loans_out";"loaned_in";"loaned_out";"total_points";"event_points";"points_per_game";"ep_this";"ep_next";"special";"minutes";"goals_scored";"assists";"clean_sheets";"goals_conceded";"penalties_saved";"penalties_missed";"yellow_cards";"red_cards";"saves";"bonus";"element_type";"team";"dato"
1;"62022.jpg";"Lie";2745;"a";62022;"Andreas";"Lie";1;"";45;NA;NA;"0.0";"0.0";0;0;0;0;FALSE;0;"4.9";"0.0";0;0;0;0;0;0;0;0;0;0;"0.0";NA;"2.0";FALSE;0;0;0;0;0;0;0;0;0;0;0;1;1;2017-03-25
2;"124186.jpg";"Heigre";2745;"a";124186;"Pal";"Vestly Heigre";NA;"";45;NA;NA;"0.0";"0.0";0;0;0;0;FALSE;0;"0.7";"0.0";0;0;0;0;0;0;0;0;0;0;"0.0";NA;"2.0";FALSE;0;0;0;0;0;0;0;0;0;0;0;1;1;2017-03-25
3;"218658.jpg";"Sodergren";2745;"a";218658;"Sondre";"Sodergren";32;"";40;NA;NA;"0.0";"0.0";0;0;0;0;FALSE;0;"3.9";"0.0";0;0;0;0;0;0;0;0;0;0;"0.0";NA;"1.0";FALSE;0;0;0;0;0;0;0;0;0;0;0;1;1;2017-03-25
4;"52335.jpg";"Ramsteijn";2745;"a";52335;"Kaj";"Ramsteijn";NA;"";50;NA;NA;"0.0";"0.0";0;0;0;0;FALSE;0;"1.9";"0.0";0;0;0;0;0;0;0;0;0;0;"0.0";NA;"2.0";FALSE;0;0;0;0;0;0;0;0;0;0;0;2;1;2017-03-25
5;"64033.jpg";"Lie";2745;"a";64033;"Oddbjorn";"Lie";5;"";45;NA;NA;"0.0";"0.0";0;0;0;0;FALSE;0;"2.5";"0.0";0;0;0;0;0;0;0;0;0;0;"0.0";NA;"2.0";FALSE;0;0;0;0;0;0;0;0;0;0;0;2;1;2017-03-25
6;"79464.jpg";"Kirkeskov";2745;"a";79464;"Mikkel";"Kirkeskov";2;"";55;NA;NA;"0.0";"0.0";0;0;0;0;FALSE;0;"3.4";"0.0";0;0;0;0;0;0;0;0;0;0;"0.0";NA;"3.0";FALSE;0;0;0;0;0;0;0;0;0;0;0;2;1;2017-03-25
7;"98652.jpg";"Mantylä";2745;"a";98652;"Tero";"Mantylä";4;"";45;NA;NA;"0.0";"0.0";0;0;0;0;FALSE;0;"0.7";"0.0";0;0;0;0;0;0;0;0;0;0;"0.0";NA;"2.0";FALSE;0;0;0;0;0;0;0;0;0;0;0;2;1;2017-03-25
8;"115929.jpg";"Arnarson";2745;"a";115929;"Adam";"Arnarson";22;"";45;NA;NA;"0.0";"0.0";0;0;0;0;FALSE;0;"1.4";"0.0";0;0;0;0;0;0;0;0;0;0;"0.0";NA;"2.0";FALSE;0;0;0;0;0;0;0;0;0;0;0;2;1;2017-03-25
9;"115978.jpg";"Grétarsson";2745;"a";115978;"Daniel";"Grétarsson";3;"";50;NA;NA;"0.0";"0.0";0;0;0;0;FALSE;0;"0.8";"0.0";0;0;0;0;0;0;0;0;0;0;"0.0";NA;"2.0";FALSE;0;0;0;0;0;0;0;0;0;0;0;2;1;2017-03-25
10;"206921.jpg";"Barstad";2745;"a";206921;"Joakim";"Barstad";37;"";40;NA;NA;"0.0";"0.0";0;0;0;0;FALSE;0;"5.3";"0.0";0;0;0;0;0;0;0;0;0;0;"0.0";NA;"1.0";FALSE;0;0;0;0;0;0;0;0;0;0;0;2;1;2017-03-25
11;"218660.jpg";"Valderhaug";2745;"a";218660;"Lars";"Valderhaug";35;"";40;NA;NA;"0.0";"0.0";0;0;0;0;FALSE;0;"1.6";"0.0";0;0;0;0;0;0;0;0;0;0;"0.0";NA;"1.0";FALSE;0;0;0;0;0;0;0;0;0;0;0;2;1;2017-03-25
12;"37417.jpg";"Riise";2745;"a";37417;"Bjorn";"Helge Riise";21;"";60;NA;NA;"0.0";"0.0";0;0;0;0;FALSE;0;"6.6";"0.0";0;0;0;0;0;0;0;0;0;0;"0.0";NA;"0.0";FALSE;0;0;0;0;0;0;0;0;0;0;0;3;1;2017-03-25
13;"62026.jpg";"Carlsen";2745;"a";62026;"Fredrik";"Carlsen";8;"";50;NA;NA;"0.0";"0.0";0;0;0;0;FALSE;0;"1.7";"0.0";0;0;0;0;0;0;0;0;0;0;"0.0";NA;"0.0";FALSE;0;0;0;0;0;0;0;0;0;0;0;3;1;2017-03-25
14;"87337.jpg";"Gyasi";2745;"a";87337;"Edwin";"Gyasi";14;"";75;NA;NA;"0.0";"0.0";0;0;0;0;FALSE;0;"5.8";"0.0";0;0;0;0;0;0;0;0;0;0;"0.0";NA;"0.0";FALSE;0;0;0;0;0;0;0;0;0;0;0;3;1;2017-03-25
15;"97533.jpg";"Thrandarson";2745;"a";97533;"Aron";"Elis Thrandarson";11;"";65;NA;NA;"0.0";"0.0";0;0;0;0;FALSE;0;"1.1";"0.0";0;0;0;0;0;0;0;0;0;0;"0.0";NA;"0.0";FALSE;0;0;0;0;0;0;0;0;0;0;0;3;1;2017-03-25
16;"169515.jpg";"Hoff";2745;"a";169515;"Vebjorn";"Hoff";18;"";50;NA;NA;"0.0";"0.0";0;0;0;0;FALSE;0;"0.7";"0.0";0;0;0;0;0;0;0;0;0;0;"0.0";NA;"0.0";FALSE;0;0;0;0;0;0;0;0;0;0;0;3;1;2017-03-25
17;"194769.jpg";"Fet";2745;"a";194769;"Sondre";"Brunstad Fet";40;"";50;NA;NA;"0.0";"0.0";0;0;0;0;FALSE;0;"0.3";"0.0";0;0;0;0;0;0;0;0;0;0;"0.0";NA;"0.0";FALSE;0;0;0;0;0;0;0;0;0;0;0;3;1;2017-03-25
18;"204273.jpg";"Marlinho";2745;"a";204273;"Marlinho";"";15;"";55;NA;NA;"0.0";"0.0";0;0;0;0;FALSE;0;"0.9";"0.0";0;0;0;0;0;0;0;0;0;0;"0.0";NA;"0.0";FALSE;0;0;0;0;0;0;0;0;0;0;0;3;1;2017-03-25
19;"207864.jpg";"Hatlehol";2745;"a";207864;"Jørgen";"Hatlehol";38;"";45;NA;NA;"0.0";"0.0";0;0;0;0;FALSE;0;"0.8";"0.0";0;0;0;0;0;0;0;0;0;0;"0.0";NA;"0.0";FALSE;0;0;0;0;0;0;0;0;0;0;0;3;1;2017-03-25
20;"223090.jpg";"Waagan";2745;"a";223090;"Anders";"Waagan";NA;"";45;NA;NA;"0.0";"0.0";0;0;0;0;FALSE;0;"0.9";"0.0";0;0;0;0;0;0;0;0;0;0;"0.0";NA;"0.0";FALSE;0;0;0;0;0;0;0;0;0;0;0;3;1;2017-03-25
21;"224095.jpg";"Solnørdal";2745;"a";224095;"Emil";"Solnørdal";36;"";45;NA;NA;"0.0";"0.0";0;0;0;0;FALSE;0;"0.2";"0.0";0;0;0;0;0;0;0;0;0;0;"0.0";NA;"0.0";FALSE;0;0;0;0;0;0;0;0;0;0;0;3;1;2017-03-25
22;"61965.jpg";"Mos";2745;"a";61965;"Mos";"";30;"";85;NA;NA;"0.0";"0.0";0;0;0;0;FALSE;0;"12.0";"0.0";0;0;0;0;0;0;0;0;0;0;"0.0";NA;"3.0";FALSE;0;0;0;0;0;0;0;0;0;0;0;4;1;2017-03-25
23;"219005.jpg";"Andreassen";2745;"a";219005;"Sebastian";"Andreassen";31;"";50;NA;NA;"0.0";"0.0";0;0;0;0;FALSE;0;"0.3";"0.0";0;0;0;0;0;0;0;0;0;0;"0.0";NA;"1.0";FALSE;0;0;0;0;0;0;0;0;0;0;0;4;1;2017-03-25
24;"173531.jpg";"Berisha";2745;"a";173531;"Valmir";"Berisha";9;"";60;NA;NA;"0.0";"0.0";0;0;0;0;FALSE;0;"4.1";"0.0";0;0;0;0;0;0;0;0;0;0;"0.0";NA;"2.0";FALSE;0;0;0;0;0;0;0;0;0;0;0;4;1;2017-03-25
25;"88460.jpg";"Horwath";303;"a";88460;"Alex";"Horwath";1;"";50;NA;NA;"0.0";"0.0";0;0;0;0;FALSE;0;"1.5";"0.0";0;0;0;0;0;0;0;0;0;0;"0.0";NA;"3.0";FALSE;0;0;0;0;0;0;0;0;0;0;0;1;2;2017-03-25
26;"95516.jpg";"Leciejewski";303;"a";95516;"Piotr";"Leciejewski";24;"";55;NA;NA;"0.0";"0.0";0;0;0;0;FALSE;0;"21.5";"0.0";0;0;0;0;0;0;0;0;0;0;"0.0";NA;"4.0";FALSE;0;0;0;0;0;0;0;0;0;0;0;1;2;2017-03-25
27;"224198.jpg";"Pettersen";303;"a";224198;"Markus";"Pettersen";12;"";45;NA;NA;"0.0";"0.0";0;0;0;0;FALSE;0;"0.3";"0.0";0;0;0;0;0;0;0;0;0;0;"0.0";NA;"2.0";FALSE;0;0;0;0;0;0;0;0;0;0;0;1;2;2017-03-25
28;"56578.jpg";"Wormgoor";303;"a";56578;"Vito";"Wormgoor";3;"";55;NA;NA;"0.0";"0.0";0;0;0;0;FALSE;0;"9.8";"0.0";0;0;0;0;0;0;0;0;0;0;"0.0";NA;"3.0";FALSE;0;0;0;0;0;0;0;0;0;0;0;2;2;2017-03-25
29;"61968.jpg";"Nouri";303;"a";61968;"Amin";"Nouri";33;"";55;NA;NA;"0.0";"0.0";0;0;0;0;FALSE;0;"8.1";"0.0";0;0;0;0;0;0;0;0;0;0;"0.0";NA;"3.0";FALSE;0;0;0;0;0;0;0;0;0;0;0;2;2;2017-03-25
30;"106319.jpg";"Gronner";303;"a";106319;"Jonas";"Gronner";5;"";50;NA;NA;"0.0";"0.0";0;0;0;0;FALSE;0;"8.4";"0.0";0;0;0;0;0;0;0;0;0;0;"0.0";NA;"2.0";FALSE;0;0;0;0;0;0;0;0;0;0;0;2;2;2017-03-25
31;"111851.jpg";"Kristiansen";303;"a";111851;"Ruben";"Kristiansen";21;"";55;NA;NA;"0.0";"0.0";0;0;0;0;FALSE;0;"5.6";"0.0";0;0;0;0;0;0;0;0;0;0;"0.0";NA;"3.0";FALSE;0;0;0;0;0;0;0;0;0;0;0;2;2;2017-03-25
32;"114686.jpg";"Hatakka";303;"a";114686;"Dani";"Hatakka";26;"";45;NA;NA;"0.0";"0.0";0;0;0;0;FALSE;0;"0.8";"0.0";0;0;0;0;0;0;0;0;0;0;"0.0";NA;"2.0";FALSE;0;0;0;0;0;0;0;0;0;0;0;2;2;2017-03-25
33;"116607.jpg";"Sørensen";303;"a";116607;"Gilli";"Rólantsson Sørensen";17;"";60;NA;NA;"0.0";"0.0";0;0;0;0;FALSE;0;"4.6";"0.0";0;0;0;0;0;0;0;0;0;0;"0.0";NA;"3.0";FALSE;0;0;0;0;0;0;0;0;0;0;0;2;2;2017-03-25
34;"156592.jpg";"Acosta";303;"a";156592;"Bismar";"Acosta";14;"";60;NA;NA;"0.0";"0.0";0;0;0;0;FALSE;0;"13.2";"0.0";0;0;0;0;0;0;0;0;0;0;"0.0";NA;"3.0";FALSE;0;0;0;0;0;0;0;0;0;0;0;2;2;2017-03-25
35;"18668.jpg";"Braaten";303;"a";18668;"Daniel";"Braaten";25;"";65;NA;NA;"0.0";"0.0";0;0;0;0;FALSE;0;"5.1";"0.0";0;0;0;0;0;0;0;0;0;0;"0.0";NA;"0.0";FALSE;0;0;0;0;0;0;0;0;0;0;0;3;2;2017-03-25
36;"62025.jpg";"Larsen";303;"a";62025;"Peter";"Orry Larsen";7;"";75;NA;NA;"0.0";"0.0";0;0;0;0;FALSE;0;"2.7";"0.0";0;0;0;0;0;0;0;0;0;0;"0.0";NA;"0.0";FALSE;0;0;0;0;0;0;0;0;0;0;0;3;2;2017-03-25
37;"95525.jpg";"Haugen";303;"a";95525;"Fredrik";"Haugen";8;"";90;NA;NA;"0.0";"0.0";0;0;0;0;FALSE;0;"8.3";"0.0";0;0;0;0;0;0;0;0;0;0;"0.0";NA;"0.0";FALSE;0;0;0;0;0;0;0;0;0;0;0;3;2;2017-03-25
38;"95528.jpg";"Barmen";303;"a";95528;"Kristoffer";"Barmen";29;"";65;NA;NA;"0.0";"0.0";0;0;0;0;FALSE;0;"6.5";"0.0";0;0;0;0;0;0;0;0;0;0;"0.0";NA;"0.0";FALSE;0;0;0;0;0;0;0;0;0;0;0;3;2;2017-03-25
39;"102678.jpg";"Vega";303;"a";102678;"Deyver";"Vega";19;"";70;NA;NA;"0.0";"0.0";0;0;0;0;FALSE;0;"6.1";"0.0";0;0;0;0;0;0;0;0;0;0;"0.0";NA;"0.0";FALSE;0;0;0;0;0;0;0;0;0;0;0;3;2;2017-03-25
40;"115102.jpg";"Skaanes";303;"a";115102;"Kasper";"Skaanes";9;"";55;NA;NA;"0.0";"0.0";0;0;0;0;FALSE;0;"2.5";"0.0";0;0;0;0;0;0;0;0;0;0;"0.0";NA;"0.0";FALSE;0;0;0;0;0;0;0;0;0;0;0;3;2;2017-03-25
41;"126317.jpg";"Nilsen";303;"a";126317;"Sivert";"Heltne Nilsen";23;"";55;NA;NA;"0.0";"0.0";0;0;0;0;FALSE;0;"3.0";"0.0";0;0;0;0;0;0;0;0;0;0;"0.0";NA;"0.0";FALSE;0;0;0;0;0;0;0;0;0;0;0;3;2;2017-03-25
42;"223091.jpg";"Stenevik";303;"a";223091;"Halldor";"Stenevik";20;"";45;NA;NA;"0.0";"0.0";0;0;0;0;FALSE;0;"1.6";"0.0";0;0;0;0;0;0;0;0;0;0;"0.0";NA;"0.0";FALSE;0;0;0;0;0;0;0;0;0;0;0;3;2;2017-03-25
43;"14575.jpg";"Karadas";303;"a";14575;"Azar";"Karadas";18;"";60;NA;NA;"0.0";"0.0";0;0;0;0;FALSE;0;"1.7";"0.0";0;0;0;0;0;0;0;0;0;0;"0.0";NA;"2.0";FALSE;0;0;0;0;0;0;0;0;0;0;0;4;2;2017-03-25
44;"66534.jpg";"Orlov";303;"a";66534;"Jakob";"Orlov";10;"";75;NA;NA;"0.0";"0.0";0;0;0;0;FALSE;0;"4.7";"0.0";0;0;0;0;0;0;0;0;0;0;"0.0";NA;"2.0";FALSE;0;0;0;0;0;0;0;0;0;0;0;4;2;2017-03-25
45;"221232.jpg";"Skalevik";303;"a";221232;"Steffen";"Skalevik";11;"";70;NA;NA;"0.0";"0.0";0;0;0;0;FALSE;0;"1.3";"0.0";0;0;0;0;0;0;0;0;0;0;"0.0";NA;"2.0";FALSE;0;0;0;0;0;0;0;0;0;0;0;4;2;2017-03-25
46;"62015.jpg";"Børven";303;"a";62015;"Torgeir";"Børven";22;"";90;NA;NA;"0.0";"0.0";0;0;0;0;FALSE;0;"9.9";"0.0";0;0;0;0;0;0;0;0;0;0;"0.0";NA;"3.0";FALSE;0;0;0;0;0;0;0;0;0;0;0;4;2;2017-03-25
47;"108130.jpg";"Sandvik";3376;"a";108130;"Helge";"Sandvik";12;"";45;NA;NA;"0.0";"0.0";0;0;0;0;FALSE;0;"0.4";"0.0";0;0;0;0;0;0;0;0;0;0;"0.0";NA;"2.0";FALSE;0;0;0;0;0;0;0;0;0;0;0;1;3;2017-03-25
48;"124132.jpg";"Bratveit";3376;"a";124132;"Per";"Kristian Bratveit";1;"";50;NA;NA;"0.0";"0.0";0;0;0;0;FALSE;0;"3.1";"0.0";0;0;0;0;0;0;0;0;0;0;"0.0";NA;"3.0";FALSE;0;0;0;0;0;0;0;0;0;0;0;1;3;2017-03-25
49;"209224.jpg";"Fossdal";3376;"a";209224;"Herman";"Børreson Fossdal";24;"";40;NA;NA;"0.0";"0.0";0;0;0;0;FALSE;0;"1.0";"0.0";0;0;0;0;0;0;0;0;0;0;"0.0";NA;"1.0";FALSE;0;0;0;0;0;0;0;0;0;0;0;1;3;2017-03-25
50;"63878.jpg";"Skjerve";3376;"a";63878;"Vegard";"Skjerve";18;"";50;NA;NA;"0.0";"0.0";0;0;0;0;FALSE;0;"3.8";"0.0";0;0;0;0;0;0;0;0;0;0;"0.0";NA;"2.0";FALSE;0;0;0;0;0;0;0;0;0;0;0;2;3;2017-03-25
51;"81786.jpg";"Andreassen";3376;"a";81786;"Tor";"Arne Andreassen";11;"";50;NA;NA;"0.0";"0.0";0;0;0;0;FALSE;0;"1.1";"0.0";0;0;0;0;0;0;0;0;0;0;"0.0";NA;"2.0";FALSE;0;0;0;0;0;0;0;0;0;0;0;2;3;2017-03-25
52;"179304.jpg";"Stölas";3376;"a";179304;"Alexander";"Stölas";22;"";55;NA;NA;"0.0";"0.0";0;0;0;0;FALSE;0;"6.1";"0.0";0;0;0;0;0;0;0;0;0;0;"0.0";NA;"3.0";FALSE;0;0;0;0;0;0;0;0;0;0;0;2;3;2017-03-25
53;"224083.jpg";"Izuchukwu";3376;"a";224083;"Anthony";"Izuchukwu";15;"";45;NA;NA;"0.0";"0.0";0;0;0;0;FALSE;0;"1.1";"0.0";0;0;0;0;0;0;0;0;0;0;"0.0";NA;"2.0";FALSE;0;0;0;0;0;0;0;0;0;0;0;2;3;2017-03-25
54;"245578.jpg";"Knudsen";3376;"a";245578;"Fredrik";"Pallesen Knudsen";NA;"";50;NA;NA;"0.0";"0.0";0;0;0;0;FALSE;0;"0.9";"0.0";0;0;0;0;0;0;0;0;0;0;"0.0";NA;"2.0";FALSE;0;0;0;0;0;0;0;0;0;0;0;2;3;2017-03-25
55;"48513.jpg";"Huseklepp";3376;"a";48513;"Erik";"Huseklepp";10;"";85;NA;NA;"0.0";"0.0";0;0;0;0;FALSE;0;"12.5";"0.0";0;0;0;0;0;0;0;0;0;0;"0.0";NA;"0.0";FALSE;0;0;0;0;0;0;0;0;0;0;0;3;3;2017-03-25
56;"67242.jpg";"Kiss";3376;"a";67242;"Filip";"Kiss";6;"";80;NA;NA;"0.0";"0.0";0;0;0;0;FALSE;0;"2.7";"0.0";0;0;0;0;0;0;0;0;0;0;"0.0";NA;"0.0";FALSE;0;0;0;0;0;0;0;0;0;0;0;3;3;2017-03-25
57;"81788.jpg";"Maeland";3376;"a";81788;"Eirik";"Maeland";13;"";50;NA;NA;"0.0";"0.0";0;0;0;0;FALSE;0;"0.8";"0.0";0;0;0;0;0;0;0;0;0;0;"0.0";NA;"0.0";FALSE;0;0;0;0;0;0;0;0;0;0;0;3;3;2017-03-25
58;"118808.jpg";"Hajradinovic";3376;"a";118808;"Haris";"Hajradinovic";23;"";75;NA;NA;"0.0";"0.0";0;0;0;0;FALSE;0;"4.7";"0.0";0;0;0;0;0;0;0;0;0;0;"0.0";NA;"0.0";FALSE;0;0;0;0;0;0;0;0;0;0;0;3;3;2017-03-25
59;"156595.jpg";"Tronstad";3376;"a";156595;"Sondre";"Tronstad";8;"";50;NA;NA;"0.0";"0.0";0;0;0;0;FALSE;0;"1.5";"0.0";0;0;0;0;0;0;0;0;0;0;"0.0";NA;"0.0";FALSE;0;0;0;0;0;0;0;0;0;0;0;3;3;2017-03-25
60;"208396.jpg";"Kling";3376;"a";208396;"Robert";"Kling";29;"";45;NA;NA;"0.0";"0.0";0;0;0;0;FALSE;0;"1.0";"0.0";0;0;0;0;0;0;0;0;0;0;"0.0";NA;"0.0";FALSE;0;0;0;0;0;0;0;0;0;0;0;3;3;2017-03-25
61;"226887.jpg";"Horneland";3376;"a";226887;"Thomas";"Horneland";30;"";45;NA;NA;"0.0";"0.0";0;0;0;0;FALSE;0;"0.5";"0.0";0;0;0;0;0;0;0;0;0;0;"0.0";NA;"0.0";FALSE;0;0;0;0;0;0;0;0;0;0;0;3;3;2017-03-25
62;"232031.jpg";"Gunnarshaug";3376;"a";232031;"Kristoff";"Gunnarshaug";31;"";45;NA;NA;"0.0";"0.0";0;0;0;0;FALSE;0;"0.4";"0.0";0;0;0;0;0;0;0;0;0;0;"0.0";NA;"0.0";FALSE;0;0;0;0;0;0;0;0;0;0;0;3;3;2017-03-25
63;"53370.jpg";"Abdi";3376;"a";53370;"Liban";"Abdi";7;"";60;NA;NA;"0.0";"0.0";0;0;0;0;FALSE;0;"1.1";"0.0";0;0;0;0;0;0;0;0;0;0;"0.0";NA;"2.0";FALSE;0;0;0;0;0;0;0;0;0;0;0;4;3;2017-03-25
64;"89368.jpg";"Gytkjaer";3376;"a";89368;"Frederik";"Gytkjaer";9;"";75;NA;NA;"0.0";"0.0";0;0;0;0;FALSE;0;"11.1";"0.0";0;0;0;0;0;0;0;0;0;0;"0.0";NA;"2.0";FALSE;0;0;0;0;0;0;0;0;0;0;0;4;3;2017-03-25
65;"224084.jpg";"Shuaibu";3376;"a";224084;"Ibrahim";"Shuaibu";17;"";50;NA;NA;"0.0";"0.0";0;0;0;0;FALSE;0;"1.4";"0.0";0;0;0;0;0;0;0;0;0;0;"0.0";NA;"1.0";FALSE;0;0;0;0;0;0;0;0;0;0;0;4;3;2017-03-25
66;"224097.jpg";"Krygard";3376;"a";224097;"Kevin";"Martin Krygard";NA;"";45;NA;NA;"0.0";"0.0";0;0;0;0;FALSE;0;"0.7";"0.0";0;0;0;0;0;0;0;0;0;0;"0.0";NA;"1.0";FALSE;0;0;0;0;0;0;0;0;0;0;0;4;3;2017-03-25
67;"247409.jpg";"Budusson";3376;"a";247409;"Johnny";"Budusson";20;"";50;NA;NA;"0.0";"0.0";0;0;0;0;FALSE;0;"0.4";"0.0";0;0;0;0;0;0;0;0;0;0;"0.0";NA;"1.0";FALSE;0;0;0;0;0;0;0;0;0;0;0;4;3;2017-03-25
68;"247408.jpg";"MS Leite";3376;"a";247408;"Bruno ";"MS Leite";16;"";60;NA;NA;"0.0";"0.0";0;0;0;0;FALSE;0;"0.8";"0.0";0;0;0;0;0;0;0;0;0;0;"0.0";NA;"0.0";FALSE;0;0;0;0;0;0;0;0;0;0;0;3;3;2017-03-25
69;"113563.jpg";"McDermott";3835;"a";113563;"Sean";"McDermott";1;"";40;NA;NA;"0.0";"0.0";0;0;0;0;FALSE;0;"14.7";"0.0";0;0;0;0;0;0;0;0;0;0;"0.0";NA;"1.0";FALSE;0;0;0;0;0;0;0;0;0;0;0;1;4;2017-03-25
70;"81858.jpg";"Mansson";3835;"a";81858;"Conny";"Mansson";23;"";45;NA;NA;"0.0";"0.0";0;0;0;0;FALSE;0;"1.8";"0.0";0;0;0;0;0;0;0;0;0;0;"0.0";NA;"2.0";FALSE;0;0;0;0;0;0;0;0;0;0;0;1;4;2017-03-25
71;"91120.jpg";"Aasbak";3835;"a";91120;"Christoffer";"Aasbak";3;"";45;NA;NA;"0.0";"0.0";0;0;0;0;FALSE;0;"1.6";"0.0";0;0;0;0;0;0;0;0;0;0;"0.0";NA;"2.0";FALSE;0;0;0;0;0;0;0;0;0;0;0;2;4;2017-03-25
72;"95512.jpg";"Ulvestad";3835;"a";95512;"Dan";"Ulvestad";5;"";50;NA;NA;"0.0";"0.0";0;0;0;0;FALSE;0;"2.4";"0.0";0;0;0;0;0;0;0;0;0;0;"0.0";NA;"2.0";FALSE;0;0;0;0;0;0;0;0;0;0;0;2;4;2017-03-25
73;"156434.jpg";"Coly";3835;"a";156434;"Aliou";"Coly";99;"";45;NA;NA;"0.0";"0.0";0;0;0;0;FALSE;0;"4.1";"0.0";0;0;0;0;0;0;0;0;0;0;"0.0";NA;"2.0";FALSE;0;0;0;0;0;0;0;0;0;0;0;2;4;2017-03-25
74;"245729.jpg";"Sivertsen";3835;"a";245729;"Erlend";"Sivertsen";15;"";45;NA;NA;"0.0";"0.0";0;0;0;0;FALSE;0;"0.3";"0.0";0;0;0;0;0;0;0;0;0;0;"0.0";NA;"2.0";FALSE;0;0;0;0;0;0;0;0;0;0;0;2;4;2017-03-25
75;"159994.jpg";"Gjesdal";3835;"a";159994;"Henrik ";"Gjesdal";NA;"";45;NA;NA;"0.0";"0.0";0;0;0;0;FALSE;0;"0.5";"0.0";0;0;0;0;0;0;0;0;0;0;"0.0";NA;"2.0";FALSE;0;0;0;0;0;0;0;0;0;0;0;2;4;2017-03-25
76;"245731.jpg";"Bjerkas";3835;"a";245731;"Joakim";"Bjerkas";2;"";40;NA;NA;"0.0";"0.0";0;0;0;0;FALSE;0;"2.5";"0.0";0;0;0;0;0;0;0;0;0;0;"0.0";NA;"1.0";FALSE;0;0;0;0;0;0;0;0;0;0;0;2;4;2017-03-25
77;"245735.jpg";"Nerland";3835;"a";245735;"Olav";"Mahle Nerland";49;"";40;NA;NA;"0.0";"0.0";0;0;0;0;FALSE;0;"1.3";"0.0";0;0;0;0;0;0;0;0;0;0;"0.0";NA;"1.0";FALSE;0;0;0;0;0;0;0;0;0;0;0;2;4;2017-03-25
78;"245733.jpg";"Hopmark";3835;"a";245733;"Andreas";"Hopmark";19;"";45;NA;NA;"0.0";"0.0";0;0;0;0;FALSE;0;"0.3";"0.0";0;0;0;0;0;0;0;0;0;0;"0.0";NA;"2.0";FALSE;0;0;0;0;0;0;0;0;0;0;0;2;4;2017-03-25
79;"63900.jpg";"Torske";3835;"a";63900;"Tor";"Erik Torske";6;"";50;NA;NA;"0.0";"0.0";0;0;0;0;FALSE;0;"1.2";"0.0";0;0;0;0;0;0;0;0;0;0;"0.0";NA;"0.0";FALSE;0;0;0;0;0;0;0;0;0;0;0;3;4;2017-03-25
80;"66338.jpg";"Kalludra";3835;"a";66338;"Liridon";"Kalludra";9;"";60;NA;NA;"0.0";"0.0";0;0;0;0;FALSE;0;"1.8";"0.0";0;0;0;0;0;0;0;0;0;0;"0.0";NA;"0.0";FALSE;0;0;0;0;0;0;0;0;0;0;0;3;4;2017-03-25
81;"92072.jpg";"Qaka";3835;"a";92072;"Kamer";"Qaka";92;"";60;NA;NA;"0.0";"0.0";0;0;0;0;FALSE;0;"4.6";"0.0";0;0;0;0;0;0;0;0;0;0;"0.0";NA;"0.0";FALSE;0;0;0;0;0;0;0;0;0;0;0;3;4;2017-03-25
82;"95511.jpg";"Okland";3835;"a";95511;"Sverre";"Okland";10;"";55;NA;NA;"0.0";"0.0";0;0;0;0;FALSE;0;"0.7";"0.0";0;0;0;0;0;0;0;0;0;0;"0.0";NA;"0.0";FALSE;0;0;0;0;0;0;0;0;0;0;0;3;4;2017-03-25
83;"95569.jpg";"Ulvestad";3835;"a";95569;"Pal";"Erik Ulvestad";8;"";50;NA;NA;"0.0";"0.0";0;0;0;0;FALSE;0;"1.3";"0.0";0;0;0;0;0;0;0;0;0;0;"0.0";NA;"0.0";FALSE;0;0;0;0;0;0;0;0;0;0;0;3;4;2017-03-25
84;"245730.jpg";"Sorli";3835;"a";245730;"Sondre";"Sorli";24;"";45;NA;NA;"0.0";"0.0";0;0;0;0;FALSE;0;"2.2";"0.0";0;0;0;0;0;0;0;0;0;0;"0.0";NA;"0.0";FALSE;0;0;0;0;0;0;0;0;0;0;0;3;4;2017-03-25
85;"245732.jpg";"Rodsand";3835;"a";245732;"Andreas";"Rodsand";21;"";50;NA;NA;"0.0";"0.0";0;0;0;0;FALSE;0;"0.1";"0.0";0;0;0;0;0;0;0;0;0;0;"0.0";NA;"0.0";FALSE;0;0;0;0;0;0;0;0;0;0;0;3;4;2017-03-25
86;"245734.jpg";"Koksvik";3835;"a";245734;"Sigur";"Koksvik";34;"";45;NA;NA;"0.0";"0.0";0;0;0;0;FALSE;0;"0.4";"0.0";0;0;0;0;0;0;0;0;0;0;"0.0";NA;"0.0";FALSE;0;0;0;0;0;0;0;0;0;0;0;3;4;2017-03-25
87;"245738.jpg";"Isaksen";3835;"a";245738;"Jesper";"Isaksen";18;"";45;NA;NA;"0.0";"0.0";0;0;0;0;FALSE;0;"0.6";"0.0";0;0;0;0;0;0;0;0;0;0;"0.0";NA;"0.0";FALSE;0;0;0;0;0;0;0;0;0;0;0;3;4;2017-03-25
88;"41319.jpg";"Lekaj";3835;"a";41319;"Rocky";"Lekaj";7;"";60;NA;NA;"0.0";"0.0";0;0;0;0;FALSE;0;"2.3";"0.0";0;0;0;0;0;0;0;0;0;0;"0.0";NA;"2.0";FALSE;0;0;0;0;0;0;0;0;0;0;0;4;4;2017-03-25
89;"206554.jpg";"Mendy";3835;"a";206554;"Jean";"Alassane Mendy";39;"";55;NA;NA;"0.0";"0.0";0;0;0;0;FALSE;0;"2.7";"0.0";0;0;0;0;0;0;0;0;0;0;"0.0";NA;"2.0";FALSE;0;0;0;0;0;0;0;0;0;0;0;4;4;2017-03-25
90;"245736.jpg";"Bamba";3835;"a";245736;"Daouda";"Bamba";11;"";65;NA;NA;"0.0";"0.0";0;0;0;0;FALSE;0;"6.8";"0.0";0;0;0;0;0;0;0;0;0;0;"0.0";NA;"2.0";FALSE;0;0;0;0;0;0;0;0;0;0;0;4;4;2017-03-25
91;"245737.jpg";"Ronningen";3835;"a";245737;"Jonas";"Ronningen";16;"";55;NA;NA;"0.0";"0.0";0;0;0;0;FALSE;0;"0.2";"0.0";0;0;0;0;0;0;0;0;0;0;"0.0";NA;"2.0";FALSE;0;0;0;0;0;0;0;0;0;0;0;4;4;2017-03-25
92;"245739.jpg";"Bruseth";3835;"a";245739;"Adne";"Bruseth";48;"";45;NA;NA;"0.0";"0.0";0;0;0;0;FALSE;0;"0.9";"0.0";0;0;0;0;0;0;0;0;0;0;"0.0";NA;"1.0";FALSE;0;0;0;0;0;0;0;0;0;0;0;4;4;2017-03-25
93;"98733.jpg";"Stokke";3835;"a";98733;"Benjamin";"Stokke";20;"";50;NA;NA;"0.0";"0.0";0;0;0;0;FALSE;0;"1.1";"0.0";0;0;0;0;0;0;0;0;0;0;"0.0";NA;"1.0";FALSE;0;0;0;0;0;0;0;0;0;0;0;4;4;2017-03-25
94;"95016.jpg";"Baranov";3835;"a";95016;"Nikita";"Baranov";27;"";50;NA;NA;"0.0";"0.0";0;0;0;0;FALSE;0;"0.6";"0.0";0;0;0;0;0;0;0;0;0;0;"0.0";NA;"2.0";FALSE;0;0;0;0;0;0;0;0;0;0;0;2;4;2017-03-25
95;"34727.jpg";"Origi";305;"a";34727;"Arnold";"Otieno Origi";77;"";45;NA;NA;"0.0";"0.0";0;0;0;0;FALSE;0;"21.3";"0.0";0;0;0;0;0;0;0;0;0;0;"0.0";NA;"2.0";FALSE;0;0;0;0;0;0;0;0;0;0;0;1;5;2017-03-25
96;"208534.jpg";"Ødegaard";305;"a";208534;"Emil";"Ødegaard";29;"";40;NA;NA;"0.0";"0.0";0;0;0;0;FALSE;0;"1.7";"0.0";0;0;0;0;0;0;0;0;0;0;"0.0";NA;"1.0";FALSE;0;0;0;0;0;0;0;0;0;0;0;1;5;2017-03-25
97;"3629.jpg";"Kippe";305;"a";3629;"Frode";"Kippe";13;"";50;NA;NA;"0.0";"0.0";0;0;0;0;FALSE;0;"10.6";"0.0";0;0;0;0;0;0;0;0;0;0;"0.0";NA;"2.0";FALSE;0;0;0;0;0;0;0;0;0;0;0;2;5;2017-03-25
98;"98090.jpg";"Amundsen";305;"a";98090;"Marius";"Amundsen";4;"";45;NA;NA;"0.0";"0.0";0;0;0;0;FALSE;0;"6.8";"0.0";0;0;0;0;0;0;0;0;0;0;"0.0";NA;"2.0";FALSE;0;0;0;0;0;0;0;0;0;0;0;2;5;2017-03-25
99;"179305.jpg";"Mikalsen";305;"a";179305;"Simen";"Kind Mikalsen";3;"";50;NA;NA;"0.0";"0.0";0;0;0;0;FALSE;0;"3.3";"0.0";0;0;0;0;0;0;0;0;0;0;"0.0";NA;"2.0";FALSE;0;0;0;0;0;0;0;0;0;0;0;2;5;2017-03-25
100;"225993.jpg";"Sinyan";305;"a";225993;"Sheriff";"Sinyan";19;"";50;NA;NA;"0.0";"0.0";0;0;0;0;FALSE;0;"0.6";"0.0";0;0;0;0;0;0;0;0;0;0;"0.0";NA;"2.0";FALSE;0;0;0;0;0;0;0;0;0;0;0;2;5;2017-03-25
101;"247410.jpg";"Melgalvis";305;"a";247410;"Aleksander";"Melgalvis";33;"";45;NA;NA;"0.0";"0.0";0;0;0;0;FALSE;0;"2.0";"0.0";0;0;0;0;0;0;0;0;0;0;"0.0";NA;"2.0";FALSE;0;0;0;0;0;0;0;0;0;0;0;2;5;2017-03-25
102;"202256.jpg";"Haakenstad";305;"a";202256;"Mats";"Haakenstad";2;"";45;NA;NA;"0.0";"0.0";0;0;0;0;FALSE;0;"1.7";"0.0";0;0;0;0;0;0;0;0;0;0;"0.0";NA;"2.0";FALSE;0;0;0;0;0;0;0;0;0;0;0;2;5;2017-03-25
103;"61930.jpg";"Knudtzon";305;"a";61930;"Erling";"Knudtzon";11;"";80;NA;NA;"0.0";"0.0";0;0;0;0;FALSE;0;"7.4";"0.0";0;0;0;0;0;0;0;0;0;0;"0.0";NA;"0.0";FALSE;0;0;0;0;0;0;0;0;0;0;0;3;5;2017-03-25
104;"192267.jpg";"Kolstad";305;"a";192267;"Jørgen";"Kolstad";17;"";50;NA;NA;"0.0";"0.0";0;0;0;0;FALSE;0;"0.5";"0.0";0;0;0;0;0;0;0;0;0;0;"0.0";NA;"0.0";FALSE;0;0;0;0;0;0;0;0;0;0;0;3;5;2017-03-25
105;"193844.jpg";"Innocent";305;"a";193844;"Bonke";"Innocent";18;"";50;NA;NA;"0.0";"0.0";0;0;0;0;FALSE;0;"3.7";"0.0";0;0;0;0;0;0;0;0;0;0;"0.0";NA;"0.0";FALSE;0;0;0;0;0;0;0;0;0;0;0;3;5;2017-03-25
106;"208025.jpg";"Krogstad";305;"a";208025;"Fredrik";"Krogstad";14;"";60;NA;NA;"0.0";"0.0";0;0;0;0;FALSE;0;"1.6";"0.0";0;0;0;0;0;0;0;0;0;0;"0.0";NA;"0.0";FALSE;0;0;0;0;0;0;0;0;0;0;0;3;5;2017-03-25
107;"210142.jpg";"Matthew";305;"a";210142;"Ifeanyi";"Matthew";6;"";60;NA;NA;"0.0";"0.0";0;0;0;0;FALSE;0;"2.4";"0.0";0;0;0;0;0;0;0;0;0;0;"0.0";NA;"0.0";FALSE;0;0;0;0;0;0;0;0;0;0;0;3;5;2017-03-25
108;"219232.jpg";"Olsen";305;"a";219232;"Petter";"Mathias Olsen";21;"";50;NA;NA;"0.0";"0.0";0;0;0;0;FALSE;0;"0.4";"0.0";0;0;0;0;0;0;0;0;0;0;"0.0";NA;"0.0";FALSE;0;0;0;0;0;0;0;0;0;0;0;3;5;2017-03-25
109;"224088.jpg";"Brenden";305;"a";224088;"Erik";"Brenden";15;"";50;NA;NA;"0.0";"0.0";0;0;0;0;FALSE;0;"0.2";"0.0";0;0;0;0;0;0;0;0;0;0;"0.0";NA;"0.0";FALSE;0;0;0;0;0;0;0;0;0;0;0;3;5;2017-03-25
110;"95532.jpg";"Rafn";305;"a";95532;"Simen";"Rafn";5;"";55;NA;NA;"0.0";"0.0";0;0;0;0;FALSE;0;"0.6";"0.0";0;0;0;0;0;0;0;0;0;0;"0.0";NA;"0.0";FALSE;0;0;0;0;0;0;0;0;0;0;0;3;5;2017-03-25
111;"63729.jpg";"Ajeti";305;"a";63729;"Bajram ";"Ajeti";9;"";65;NA;NA;"0.0";"0.0";0;0;0;0;FALSE;0;"9.4";"0.0";0;0;0;0;0;0;0;0;0;0;"0.0";NA;"2.0";FALSE;0;0;0;0;0;0;0;0;0;0;0;4;5;2017-03-25
112;"101815.jpg";"Malec";305;"a";101815;"Tomas";"Malec";7;"";65;NA;NA;"0.0";"0.0";0;0;0;0;FALSE;0;"4.8";"0.0";0;0;0;0;0;0;0;0;0;0;"0.0";NA;"2.0";FALSE;0;0;0;0;0;0;0;0;0;0;0;4;5;2017-03-25
113;"15724.jpg";"Grahn";305;"a";15724;"Tobias ";"Grahn";16;"";45;NA;NA;"0.0";"0.0";0;0;0;0;FALSE;0;"0.8";"0.0";0;0;0;0;0;0;0;0;0;0;"0.0";NA;"1.0";FALSE;0;0;0;0;0;0;0;0;0;0;0;4;5;2017-03-25
114;"111558.jpg";"Antonijevic";305;"a";111558;"Stefan";"Antonijevic";NA;"";45;NA;NA;"0.0";"0.0";0;0;0;0;FALSE;0;"0.4";"0.0";0;0;0;0;0;0;0;0;0;0;"0.0";NA;"2.0";FALSE;0;0;0;0;0;0;0;0;0;0;0;2;5;2017-03-25
115;"28113.jpg";"Fernandes";305;"a";28113;"Daniel";"Fernandes";1;"";40;NA;NA;"0.0";"0.0";0;0;0;0;FALSE;0;"11.8";"0.0";0;0;0;0;0;0;0;0;0;0;"0.0";NA;"1.0";FALSE;0;0;0;0;0;0;0;0;0;0;0;1;5;2017-03-25
116;"111778.jpg";"Linde";203;"a";111778;"Andreas";"Linde";26;"";55;NA;NA;"0.0";"0.0";0;0;0;0;FALSE;0;"6.7";"0.0";0;0;0;0;0;0;0;0;0;0;"0.0";NA;"4.0";FALSE;0;0;0;0;0;0;0;0;0;0;0;1;6;2017-03-25
117;"215367.jpg";"Neydson";203;"a";215367;"Neydson";"";34;"";50;NA;NA;"0.0";"0.0";0;0;0;0;FALSE;0;"0.2";"0.0";0;0;0;0;0;0;0;0;0;0;"0.0";NA;"3.0";FALSE;0;0;0;0;0;0;0;0;0;0;0;1;6;2017-03-25
118;"39707.jpg";"Rindaroy";203;"a";39707;"Knut";"Olav Rindaroy";23;"";55;NA;NA;"0.0";"0.0";0;0;0;0;FALSE;0;"11.6";"0.0";0;0;0;0;0;0;0;0;0;0;"0.0";NA;"3.0";FALSE;0;0;0;0;0;0;0;0;0;0;0;2;6;2017-03-25
119;"40646.jpg";"Toivio";203;"a";40646;"Joona";"Toivio";5;"";60;NA;NA;"0.0";"0.0";0;0;0;0;FALSE;0;"14.4";"0.0";0;0;0;0;0;0;0;0;0;0;"0.0";NA;"3.0";FALSE;0;0;0;0;0;0;0;0;0;0;0;2;6;2017-03-25
120;"61983.jpg";"Gabrielsen";203;"a";61983;"Ruben";"Gabrielsen";4;"";60;NA;NA;"0.0";"0.0";0;0;0;0;FALSE;0;"16.0";"0.0";0;0;0;0;0;0;0;0;0;0;"0.0";NA;"3.0";FALSE;0;0;0;0;0;0;0;0;0;0;0;2;6;2017-03-25
121;"114566.jpg";"Remmer";203;"a";114566;"Christoffer";"Remmer";22;"";55;NA;NA;"0.0";"0.0";0;0;0;0;FALSE;0;"1.6";"0.0";0;0;0;0;0;0;0;0;0;0;"0.0";NA;"3.0";FALSE;0;0;0;0;0;0;0;0;0;0;0;2;6;2017-03-25
122;"139511.jpg";"Rindaroy";203;"a";139511;"Ole";"Martin Rindaroy";3;"";50;NA;NA;"0.0";"0.0";0;0;0;0;FALSE;0;"3.7";"0.0";0;0;0;0;0;0;0;0;0;0;"0.0";NA;"2.0";FALSE;0;0;0;0;0;0;0;0;0;0;0;2;6;2017-03-25
123;"141947.jpg";"Ssewankambo";203;"a";141947;"Isak";"Ssewankambo";32;"";55;NA;NA;"0.0";"0.0";0;0;0;0;FALSE;0;"1.6";"0.0";0;0;0;0;0;0;0;0;0;0;"0.0";NA;"3.0";FALSE;0;0;0;0;0;0;0;0;0;0;0;2;6;2017-03-25
124;"165824.jpg";"Nattestad";203;"a";165824;"Sonni";"Nattestad";15;"";55;NA;NA;"0.0";"0.0";0;0;0;0;FALSE;0;"0.7";"0.0";0;0;0;0;0;0;0;0;0;0;"0.0";NA;"3.0";FALSE;0;0;0;0;0;0;0;0;0;0;0;2;6;2017-03-25
125;"215661.jpg";"Roseth";203;"a";215661;"Martin";"Ove Roseth";27;"";45;NA;NA;"0.0";"0.0";0;0;0;0;FALSE;0;"0.5";"0.0";0;0;0;0;0;0;0;0;0;0;"0.0";NA;"2.0";FALSE;0;0;0;0;0;0;0;0;0;0;0;2;6;2017-03-25
126;"223357.jpg";"Strande";203;"a";223357;"Kristian";"Strande";29;"";40;NA;NA;"0.0";"0.0";0;0;0;0;FALSE;0;"2.5";"0.0";0;0;0;0;0;0;0;0;0;0;"0.0";NA;"1.0";FALSE;0;0;0;0;0;0;0;0;0;0;0;2;6;2017-03-25
127;"166372.jpg";"Gregersen";203;"a";166372;"Stian";"Gregersen";28;"";50;NA;NA;"0.0";"0.0";0;0;0;0;FALSE;0;"0.5";"0.0";0;0;0;0;0;0;0;0;0;0;"0.0";NA;"2.0";FALSE;0;0;0;0;0;0;0;0;0;0;0;2;6;2017-03-25
128;"61849.jpg";"Moström";203;"a";61849;"Mattias";"Moström";9;"";65;NA;NA;"0.0";"0.0";0;0;0;0;FALSE;0;"6.4";"0.0";0;0;0;0;0;0;0;0;0;0;"0.0";NA;"0.0";FALSE;0;0;0;0;0;0;0;0;0;0;0;3;6;2017-03-25
129;"115935.jpg";"Sarr";203;"a";115935;"Babacar";"Sarr";8;"";50;NA;NA;"0.0";"0.0";0;0;0;0;FALSE;0;"4.9";"0.0";0;0;0;0;0;0;0;0;0;0;"0.0";NA;"0.0";FALSE;0;0;0;0;0;0;0;0;0;0;0;3;6;2017-03-25
130;"134103.jpg";"Aursnes";203;"a";134103;"Fredrik";"Aursnes";17;"";80;NA;NA;"0.0";"0.0";0;0;0;0;FALSE;0;"2.4";"0.0";0;0;0;0;0;0;0;0;0;0;"0.0";NA;"0.0";FALSE;0;0;0;0;0;0;0;0;0;0;0;3;6;2017-03-25
131;"134330.jpg";"Hestad";203;"a";134330;"Eirik";"Hestad";19;"";75;NA;NA;"0.0";"0.0";0;0;0;0;FALSE;0;"3.7";"0.0";0;0;0;0;0;0;0;0;0;0;"0.0";NA;"0.0";FALSE;0;0;0;0;0;0;0;0;0;0;0;3;6;2017-03-25
132;"161268.jpg";"Svendsen";203;"a";161268;"Sander";"Svendsen";11;"";85;NA;NA;"0.0";"0.0";0;0;0;0;FALSE;0;"14.2";"0.0";0;0;0;0;0;0;0;0;0;0;"0.0";NA;"0.0";FALSE;0;0;0;0;0;0;0;0;0;0;0;3;6;2017-03-25
133;"182321.jpg";"Strand";203;"a";182321;"Petter";"Strand";14;"";80;NA;NA;"0.0";"0.0";0;0;0;0;FALSE;0;"2.5";"0.0";0;0;0;0;0;0;0;0;0;0;"0.0";NA;"0.0";FALSE;0;0;0;0;0;0;0;0;0;0;0;3;6;2017-03-25
134;"195572.jpg";"Diop";203;"a";195572;"Amidou";"Diop";18;"";50;NA;NA;"0.0";"0.0";0;0;0;0;FALSE;0;"0.8";"0.0";0;0;0;0;0;0;0;0;0;0;"0.0";NA;"0.0";FALSE;0;0;0;0;0;0;0;0;0;0;0;3;6;2017-03-25
135;"215843.jpg";"Svendsen";203;"a";215843;"Tobias";"Hammer Svendsen";21;"";50;NA;NA;"0.0";"0.0";0;0;0;0;FALSE;0;"1.9";"0.0";0;0;0;0;0;0;0;0;0;0;"0.0";NA;"0.0";FALSE;0;0;0;0;0;0;0;0;0;0;0;3;6;2017-03-25
136;"225140.jpg";"Ekpe";3835;"a";225140;"Thompson";"Unachi Ekpe";4;"";45;NA;NA;"0.0";"0.0";0;0;0;0;FALSE;0;"0.7";"0.0";0;0;0;0;0;0;0;0;0;0;"0.0";NA;"0.0";FALSE;0;0;0;0;0;0;0;0;0;0;0;3;4;2017-03-25
137;"61972.jpg";"Sigurdarson";203;"a";61972;"Björn";"Sigurdarson";10;"";90;NA;NA;"0.0";"0.0";0;0;0;0;FALSE;0;"21.6";"0.0";0;0;0;0;0;0;0;0;0;0;"0.0";NA;"3.0";FALSE;0;0;0;0;0;0;0;0;0;0;0;4;6;2017-03-25
138;"105097.jpg";"Brustad";203;"a";105097;"Fredrik";"Brustad";33;"";75;NA;NA;"0.0";"0.0";0;0;0;0;FALSE;0;"6.3";"0.0";0;0;0;0;0;0;0;0;0;0;"0.0";NA;"2.0";FALSE;0;0;0;0;0;0;0;0;0;0;0;4;6;2017-03-25
139;"223959.jpg";"Amang";203;"a";223959;"Thomas";"Amang";20;"";60;NA;NA;"0.0";"0.0";0;0;0;0;FALSE;0;"0.8";"0.0";0;0;0;0;0;0;0;0;0;0;"0.0";NA;"2.0";FALSE;0;0;0;0;0;0;0;0;0;0;0;4;6;2017-03-25
140;"227291.jpg";"Karlsson";203;"a";227291;"Óttar";"Magnús Karlsson";25;"";80;NA;NA;"0.0";"0.0";0;0;0;0;FALSE;0;"5.6";"0.0";0;0;0;0;0;0;0;0;0;0;"0.0";NA;"3.0";FALSE;0;0;0;0;0;0;0;0;0;0;0;4;6;2017-03-25
141;"247411.jpg";"Markovic";203;"a";247411;"Eman";"Markovic";24;"";45;NA;NA;"0.0";"0.0";0;0;0;0;FALSE;0;"1.0";"0.0";0;0;0;0;0;0;0;0;0;0;"0.0";NA;"0.0";FALSE;0;0;0;0;0;0;0;0;0;0;0;3;6;2017-03-25
142;"223094.jpg";"Haaland";203;"a";223094;"Erling";"Braut Haaland";30;"";45;NA;NA;"0.0";"0.0";0;0;0;0;FALSE;0;"0.8";"0.0";0;0;0;0;0;0;0;0;0;0;"0.0";NA;"1.0";FALSE;0;0;0;0;0;0;0;0;0;0;0;4;6;2017-03-25
143;"95501.jpg";"Hussain";203;"a";95501;"Etzaz";"Hussain";16;"";60;NA;NA;"0.0";"0.0";0;0;0;0;FALSE;0;"23.3";"0.0";0;0;0;0;0;0;0;0;0;0;"0.0";NA;"0.0";FALSE;0;0;0;0;0;0;0;0;0;0;0;3;6;2017-03-25
144;"156550.jpg";"Rossbach";307;"a";156550;"Sondre";"Rossbach";1;"";55;NA;NA;"0.0";"0.0";0;0;0;0;FALSE;0;"26.7";"0.0";0;0;0;0;0;0;0;0;0;0;"0.0";NA;"4.0";FALSE;0;0;0;0;0;0;0;0;0;0;0;1;7;2017-03-25
145;"171682.jpg";"Myhra";307;"a";171682;"Viljar";"Myhra";12;"";50;NA;NA;"0.0";"0.0";0;0;0;0;FALSE;0;"0.2";"0.0";0;0;0;0;0;0;0;0;0;0;"0.0";NA;"3.0";FALSE;0;0;0;0;0;0;0;0;0;0;0;1;7;2017-03-25
146;"42549.jpg";"Ruud";307;"a";42549;"Espen";"Ruud";2;"";65;NA;NA;"0.0";"0.0";0;0;0;0;FALSE;0;"39.1";"0.0";0;0;0;0;0;0;0;0;0;0;"0.0";NA;"4.0";FALSE;0;0;0;0;0;0;0;0;0;0;0;2;7;2017-03-25
147;"62005.jpg";"Berge";307;"a";62005;"Fredrik";"Semb Berge";16;"";60;NA;NA;"0.0";"0.0";0;0;0;0;FALSE;0;"14.0";"0.0";0;0;0;0;0;0;0;0;0;0;"0.0";NA;"3.0";FALSE;0;0;0;0;0;0;0;0;0;0;0;2;7;2017-03-25
148;"62009.jpg";"Hagen";307;"a";62009;"Steffen";"Hagen";21;"";60;NA;NA;"0.0";"0.0";0;0;0;0;FALSE;0;"6.8";"0.0";0;0;0;0;0;0;0;0;0;0;"0.0";NA;"3.0";FALSE;0;0;0;0;0;0;0;0;0;0;0;2;7;2017-03-25
149;"81784.jpg";"Nilsen";307;"a";81784;"Joakim";"Våge Nilsen";18;"";55;NA;NA;"0.0";"0.0";0;0;0;0;FALSE;0;"1.6";"0.0";0;0;0;0;0;0;0;0;0;0;"0.0";NA;"3.0";FALSE;0;0;0;0;0;0;0;0;0;0;0;2;7;2017-03-25
150;"116099.jpg";"Grogaard";307;"a";116099;"Thomas";"Grogaard";5;"";55;NA;NA;"0.0";"0.0";0;0;0;0;FALSE;0;"5.2";"0.0";0;0;0;0;0;0;0;0;0;0;"0.0";NA;"3.0";FALSE;0;0;0;0;0;0;0;0;0;0;0;2;7;2017-03-25
151;"171023.jpg";"Bergan";307;"a";171023;"Vegard";"Bergan";4;"";50;NA;NA;"0.0";"0.0";0;0;0;0;FALSE;0;"0.6";"0.0";0;0;0;0;0;0;0;0;0;0;"0.0";NA;"2.0";FALSE;0;0;0;0;0;0;0;0;0;0;0;2;7;2017-03-25
152;"223963.jpg";"Eikeng";307;"a";223963;"Erik";"Eikeng";22;"";45;NA;NA;"0.0";"0.0";0;0;0;0;FALSE;0;"0.3";"0.0";0;0;0;0;0;0;0;0;0;0;"0.0";NA;"2.0";FALSE;0;0;0;0;0;0;0;0;0;0;0;2;7;2017-03-25
153;"227411.jpg";"Kitelano";307;"a";227411;"John";"Kitelano";25;"";45;NA;NA;"0.0";"0.0";0;0;0;0;FALSE;0;"0.2";"0.0";0;0;0;0;0;0;0;0;0;0;"0.0";NA;"2.0";FALSE;0;0;0;0;0;0;0;0;0;0;0;2;7;2017-03-25
154;"18789.jpg";"Gashi";307;"a";18789;"Ardian";"Gashi";3;"";45;NA;NA;"0.0";"0.0";0;0;0;0;FALSE;0;"8.8";"0.0";0;0;0;0;0;0;0;0;0;0;"0.0";NA;"0.0";FALSE;0;0;0;0;0;0;0;0;0;0;0;3;7;2017-03-25
155;"61989.jpg";"Nordkvelle";307;"a";61989;"Fredrik";"Nordkvelle";14;"";90;NA;NA;"0.0";"0.0";0;0;0;0;FALSE;0;"9.9";"0.0";0;0;0;0;0;0;0;0;0;0;"0.0";NA;"0.0";FALSE;0;0;0;0;0;0;0;0;0;0;0;3;7;2017-03-25
156;"62070.jpg";"Samuelsen";307;"a";62070;"Jone";"Samuelsen";8;"";80;NA;NA;"0.0";"0.0";0;0;0;0;FALSE;0;"6.3";"0.0";0;0;0;0;0;0;0;0;0;0;"0.0";NA;"0.0";FALSE;0;0;0;0;0;0;0;0;0;0;0;3;7;2017-03-25
157;"111716.jpg";"Broberg";307;"a";111716;"Martin";"Broberg";7;"";65;NA;NA;"0.0";"0.0";0;0;0;0;FALSE;0;"0.6";"0.0";0;0;0;0;0;0;0;0;0;0;"0.0";NA;"0.0";FALSE;0;0;0;0;0;0;0;0;0;0;0;3;7;2017-03-25
158;"111819.jpg";"Jensen";307;"a";111819;"Fredrik";"Oldrup Jensen";20;"";55;NA;NA;"0.0";"0.0";0;0;0;0;FALSE;0;"2.2";"0.0";0;0;0;0;0;0;0;0;0;0;"0.0";NA;"0.0";FALSE;0;0;0;0;0;0;0;0;0;0;0;3;7;2017-03-25
159;"118237.jpg";"Berg";307;"a";118237;"Oliver";"Berg";6;"";60;NA;NA;"0.0";"0.0";0;0;0;0;FALSE;0;"0.7";"0.0";0;0;0;0;0;0;0;0;0;0;"0.0";NA;"0.0";FALSE;0;0;0;0;0;0;0;0;0;0;0;3;7;2017-03-25
160;"153580.jpg";"Messoudi";307;"a";153580;"Zakaria";"Messoudi";19;"";45;NA;NA;"0.0";"0.0";0;0;0;0;FALSE;0;"0.4";"0.0";0;0;0;0;0;0;0;0;0;0;"0.0";NA;"0.0";FALSE;0;0;0;0;0;0;0;0;0;0;0;3;7;2017-03-25
161;"206930.jpg";"Zekhnini";307;"a";206930;"Rafik";"Zekhnini";11;"";85;NA;NA;"0.0";"0.0";0;0;0;0;FALSE;0;"20.2";"0.0";0;0;0;0;0;0;0;0;0;0;"0.0";NA;"0.0";FALSE;0;0;0;0;0;0;0;0;0;0;0;3;7;2017-03-25
162;"228900.jpg";"Kaasa";307;"a";228900;"Markus";"Kaasa";29;"";45;NA;NA;"0.0";"0.0";0;0;0;0;FALSE;0;"0.3";"0.0";0;0;0;0;0;0;0;0;0;0;"0.0";NA;"0.0";FALSE;0;0;0;0;0;0;0;0;0;0;0;3;7;2017-03-25
163;"230431.jpg";"Mladenovic";307;"a";230431;"Stefan";"Mladenovic";13;"";55;NA;NA;"0.0";"0.0";0;0;0;0;FALSE;0;"0.2";"0.0";0;0;0;0;0;0;0;0;0;0;"0.0";NA;"0.0";FALSE;0;0;0;0;0;0;0;0;0;0;0;3;7;2017-03-25
164;"62816.jpg";"Riski";307;"a";62816;"Riku";"Riski";24;"";70;NA;NA;"0.0";"0.0";0;0;0;0;FALSE;0;"5.5";"0.0";0;0;0;0;0;0;0;0;0;0;"0.0";NA;"0.0";FALSE;0;0;0;0;0;0;0;0;0;0;0;3;7;2017-03-25
165;"39723.jpg";"Diouf";307;"a";39723;"Pape Pate";"Diouf";27;"";75;NA;NA;"0.0";"0.0";0;0;0;0;FALSE;0;"3.7";"0.0";0;0;0;0;0;0;0;0;0;0;"0.0";NA;"0.0";FALSE;0;0;0;0;0;0;0;0;0;0;0;3;7;2017-03-25
166;"34339.jpg";"Occean";307;"a";34339;"Olivier";"Occean";10;"";100;NA;NA;"0.0";"0.0";0;0;0;0;FALSE;0;"8.0";"0.0";0;0;0;0;0;0;0;0;0;0;"0.0";NA;"3.0";FALSE;0;0;0;0;0;0;0;0;0;0;0;4;7;2017-03-25
167;"221242.jpg";"Haugen";307;"a";221242;"Sigurd";"Haugen";15;"";50;NA;NA;"0.0";"0.0";0;0;0;0;FALSE;0;"0.7";"0.0";0;0;0;0;0;0;0;0;0;0;"0.0";NA;"1.0";FALSE;0;0;0;0;0;0;0;0;0;0;0;4;7;2017-03-25
168;"88374.jpg";"Agdestein";307;"a";88374;"Torbjørn";"Agdestein";9;"";80;NA;NA;"0.0";"0.0";0;0;0;0;FALSE;0;"8.2";"0.0";0;0;0;0;0;0;0;0;0;0;"0.0";NA;"3.0";FALSE;0;0;0;0;0;0;0;0;0;0;0;4;7;2017-03-25
169;"61984.jpg";"Hansen";197;"a";61984;"André";"Hansen";1;"";55;NA;NA;"0.0";"0.0";0;0;0;0;FALSE;0;"29.4";"0.0";0;0;0;0;0;0;0;0;0;0;"0.0";NA;"4.0";FALSE;0;0;0;0;0;0;0;0;0;0;0;1;8;2017-03-25
170;"95513.jpg";"Ostbo";197;"a";95513;"Arild";"Ostbo";24;"";50;NA;NA;"0.0";"0.0";0;0;0;0;FALSE;0;"0.4";"0.0";0;0;0;0;0;0;0;0;0;0;"0.0";NA;"3.0";FALSE;0;0;0;0;0;0;0;0;0;0;0;1;8;2017-03-25
171;"217243.jpg";"Lund";197;"a";217243;"Julian";"Faye Lund";33;"";45;NA;NA;"0.0";"0.0";0;0;0;0;FALSE;0;"0.2";"0.0";0;0;0;0;0;0;0;0;0;0;"0.0";NA;"2.0";FALSE;0;0;0;0;0;0;0;0;0;0;0;1;8;2017-03-25
172;"56002.jpg";"Reginiussen";197;"a";56002;"Tore";"Reginiussen";4;"";60;NA;NA;"0.0";"0.0";0;0;0;0;FALSE;0;"23.2";"0.0";0;0;0;0;0;0;0;0;0;0;"0.0";NA;"3.0";FALSE;0;0;0;0;0;0;0;0;0;0;0;2;8;2017-03-25
173;"61885.jpg";"Bjordal";197;"a";61885;"Johan";"Bjordal";14;"";55;NA;NA;"0.0";"0.0";0;0;0;0;FALSE;0;"1.6";"0.0";0;0;0;0;0;0;0;0;0;0;"0.0";NA;"3.0";FALSE;0;0;0;0;0;0;0;0;0;0;0;2;8;2017-03-25
174;"63800.jpg";"Skjelvik";197;"a";63800;"Jorgen";"Skjelvik";16;"";60;NA;NA;"0.0";"0.0";0;0;0;0;FALSE;0;"9.2";"0.0";0;0;0;0;0;0;0;0;0;0;"0.0";NA;"3.0";FALSE;0;0;0;0;0;0;0;0;0;0;0;2;8;2017-03-25
175;"193761.jpg";"Gersbach";197;"a";193761;"Alex";"Gersbach";20;"";55;NA;NA;"0.0";"0.0";0;0;0;0;FALSE;0;"2.0";"0.0";0;0;0;0;0;0;0;0;0;0;"0.0";NA;"3.0";FALSE;0;0;0;0;0;0;0;0;0;0;0;2;8;2017-03-25
176;"205454.jpg";"Rasmussen";197;"a";205454;"Jacob";"Rasmussen";5;"";55;NA;NA;"0.0";"0.0";0;0;0;0;FALSE;0;"0.9";"0.0";0;0;0;0;0;0;0;0;0;0;"0.0";NA;"3.0";FALSE;0;0;0;0;0;0;0;0;0;0;0;2;8;2017-03-25
177;"216168.jpg";"Reitan";197;"a";216168;"Erlend";"Dahl Reitan";32;"";50;NA;NA;"0.0";"0.0";0;0;0;0;FALSE;0;"0.7";"0.0";0;0;0;0;0;0;0;0;0;0;"0.0";NA;"2.0";FALSE;0;0;0;0;0;0;0;0;0;0;0;2;8;2017-03-25
178;"197498.jpg";"Meling";197;"a";197498;"Birger";"Meling";3;"";65;NA;NA;"0.0";"0.0";0;0;0;0;FALSE;0;"9.9";"0.0";0;0;0;0;0;0;0;0;0;0;"0.0";NA;"4.0";FALSE;0;0;0;0;0;0;0;0;0;0;0;2;8;2017-03-25
179;"54375.jpg";"Konradsen";197;"a";54375;"Anders";"Konradsen";8;"";70;NA;NA;"0.0";"0.0";0;0;0;0;FALSE;0;"7.4";"0.0";0;0;0;0;0;0;0;0;0;0;"0.0";NA;"0.0";FALSE;0;0;0;0;0;0;0;0;0;0;0;3;8;2017-03-25
180;"61830.jpg";"Helland";197;"a";61830;"Pal";"Helland";23;"";110;NA;NA;"0.0";"0.0";0;0;0;0;FALSE;0;"36.0";"0.0";0;0;0;0;0;0;0;0;0;0;"0.0";NA;"0.0";FALSE;0;0;0;0;0;0;0;0;0;0;0;3;8;2017-03-25
181;"69893.jpg";"Jensen";197;"a";69893;"Mike";"Jensen";7;"";105;NA;NA;"0.0";"0.0";0;0;0;0;FALSE;0;"26.1";"0.0";0;0;0;0;0;0;0;0;0;0;"0.0";NA;"0.0";FALSE;0;0;0;0;0;0;0;0;0;0;0;3;8;2017-03-25
182;"83510.jpg";"Thorarinsson";197;"u";83510;"Gudmundur";"Thorarinsson";NA;"";60;NA;NA;"0.0";"0.0";0;0;0;0;FALSE;0;"0.0";"0.0";0;0;0;0;0;0;0;0;0;0;"0.0";NA;"0.0";FALSE;0;0;0;0;0;0;0;0;0;0;0;3;8;2017-03-25
183;"86463.jpg";"Stamnestro";197;"a";86463;"Magnus";"Stamnestro";18;"";55;NA;NA;"0.0";"0.0";0;0;0;0;FALSE;0;"0.2";"0.0";0;0;0;0;0;0;0;0;0;0;"0.0";NA;"0.0";FALSE;0;0;0;0;0;0;0;0;0;0;0;3;8;2017-03-25
184;"87100.jpg";"Midtsjo";197;"a";87100;"Fredrik";"Midtsjo";21;"";85;NA;NA;"0.0";"0.0";0;0;0;0;FALSE;0;"24.3";"0.0";0;0;0;0;0;0;0;0;0;0;"0.0";NA;"0.0";FALSE;0;0;0;0;0;0;0;0;0;0;0;3;8;2017-03-25
185;"95519.jpg";"Lanlay";197;"a";95519;"Yann-Erik";"de Lanlay";11;"";85;NA;NA;"0.0";"0.0";0;0;0;0;FALSE;0;"2.7";"0.0";0;0;0;0;0;0;0;0;0;0;"0.0";NA;"0.0";FALSE;0;0;0;0;0;0;0;0;0;0;0;3;8;2017-03-25
186;"95581.jpg";"Rashani";197;"a";95581;"Elbasan";"Rashani";15;"";80;NA;NA;"0.0";"0.0";0;0;0;0;FALSE;0;"1.0";"0.0";0;0;0;0;0;0;0;0;0;0;"0.0";NA;"0.0";FALSE;0;0;0;0;0;0;0;0;0;0;0;3;8;2017-03-25
187;"141176.jpg";"Jevtovic";197;"a";141176;"Milan";"Jevtovic";26;"";75;NA;NA;"0.0";"0.0";0;0;0;0;FALSE;0;"2.5";"0.0";0;0;0;0;0;0;0;0;0;0;"0.0";NA;"0.0";FALSE;0;0;0;0;0;0;0;0;0;0;0;3;8;2017-03-25
188;"179306.jpg";"Lundemo";197;"a";179306;"Marius";"Lundemo";25;"";65;NA;NA;"0.0";"0.0";0;0;0;0;FALSE;0;"0.5";"0.0";0;0;0;0;0;0;0;0;0;0;"0.0";NA;"0.0";FALSE;0;0;0;0;0;0;0;0;0;0;0;3;8;2017-03-25
189;"184368.jpg";"Saeter";197;"a";184368;"John";"Hou Saeter";17;"";50;NA;NA;"0.0";"0.0";0;0;0;0;FALSE;0;"0.1";"0.0";0;0;0;0;0;0;0;0;0;0;"0.0";NA;"0.0";FALSE;0;0;0;0;0;0;0;0;0;0;0;3;8;2017-03-25
190;"55896.jpg";"Vilhjálmsson";197;"a";55896;"Matthías";"Vilhjálmsson";10;"";85;NA;NA;"0.0";"0.0";0;0;0;0;FALSE;0;"3.1";"0.0";0;0;0;0;0;0;0;0;0;0;"0.0";NA;"3.0";FALSE;0;0;0;0;0;0;0;0;0;0;0;4;8;2017-03-25
191;"81888.jpg";"Bakenga";197;"a";81888;"Mushaga";"Bakenga";27;"";105;NA;NA;"0.0";"0.0";0;0;0;0;FALSE;0;"6.1";"0.0";0;0;0;0;0;0;0;0;0;0;"0.0";NA;"3.0";FALSE;0;0;0;0;0;0;0;0;0;0;0;4;8;2017-03-25
192;"200813.jpg";"Helmersen";197;"a";200813;"Andreas";"Helmersen";19;"";45;NA;NA;"0.0";"0.0";0;0;0;0;FALSE;0;"0.2";"0.0";0;0;0;0;0;0;0;0;0;0;"0.0";NA;"1.0";FALSE;0;0;0;0;0;0;0;0;0;0;0;4;8;2017-03-25
193;"55746.jpg";"Hedenstad";197;"a";55746;"Vegar";"Eggen Hedenstad";2;"";65;NA;NA;"0.0";"0.0";0;0;0;0;FALSE;0;"12.8";"0.0";0;0;0;0;0;0;0;0;0;0;"0.0";NA;"4.0";FALSE;0;0;0;0;0;0;0;0;0;0;0;2;8;2017-03-25
194;"27697.jpg";"Bendtner";197;"a";27697;"Nicklas";"Bendtner";9;"";125;NA;NA;"0.0";"0.0";0;0;0;0;FALSE;0;"50.3";"0.0";0;0;0;0;0;0;0;0;0;0;"0.0";NA;"4.0";FALSE;0;0;0;0;0;0;0;0;0;0;0;4;8;2017-03-25
195;"96134.jpg";"Ovretveit";3334;"a";96134;"Oystein";"Ovretveit";12;"";40;NA;NA;"0.0";"0.0";0;0;0;0;FALSE;0;"2.4";"0.0";0;0;0;0;0;0;0;0;0;0;"0.0";NA;"1.0";FALSE;0;0;0;0;0;0;0;0;0;0;0;1;9;2017-03-25
196;"97669.jpg";"Jónsson";3334;"a";97669;"Ingvar";"Jónsson";1;"";45;NA;NA;"0.0";"0.0";0;0;0;0;FALSE;0;"0.8";"0.0";0;0;0;0;0;0;0;0;0;0;"0.0";NA;"2.0";FALSE;0;0;0;0;0;0;0;0;0;0;0;1;9;2017-03-25
197;"27772.jpg";"Gabrielsen";3334;"d";27772;"Alexander";"Gabrielsen";5;"Strekk";45;NA;NA;"0.0";"0.0";0;0;0;0;FALSE;0;"2.1";"0.0";0;0;0;0;0;0;0;0;0;0;"0.0";NA;"2.0";FALSE;0;0;0;0;0;0;0;0;0;0;0;2;9;2017-03-25
198;"95529.jpg";"Grorud";3334;"d";95529;"Lars";"Grorud";2;"Strekk";45;NA;NA;"0.0";"0.0";0;0;0;0;FALSE;0;"0.8";"0.0";0;0;0;0;0;0;0;0;0;0;"0.0";NA;"2.0";FALSE;0;0;0;0;0;0;0;0;0;0;0;2;9;2017-03-25
199;"164630.jpg";"Solberg";3334;"a";164630;"Joachim";"Olsen Solberg";17;"";45;NA;NA;"0.0";"0.0";0;0;0;0;FALSE;0;"1.4";"0.0";0;0;0;0;0;0;0;0;0;0;"0.0";NA;"2.0";FALSE;0;0;0;0;0;0;0;0;0;0;0;2;9;2017-03-25
200;"247787.jpg";"Jablinski";3334;"a";247787;"Kevin";"Jablinski";20;"";40;NA;NA;"0.0";"0.0";0;0;0;0;FALSE;0;"1.5";"0.0";0;0;0;0;0;0;0;0;0;0;"0.0";NA;"1.0";FALSE;0;0;0;0;0;0;0;0;0;0;0;2;9;2017-03-25
201;"202252.jpg";"Hansen";3334;"a";202252;"Christer";"Reppesgård Hansen";4;"";45;NA;NA;"0.0";"0.0";0;0;0;0;FALSE;0;"0.3";"0.0";0;0;0;0;0;0;0;0;0;0;"0.0";NA;"2.0";FALSE;0;0;0;0;0;0;0;0;0;0;0;2;9;2017-03-25
202;"225872.jpg";"Kane";3334;"a";225872;"El-Hadji";"Gana Kane";16;"";40;NA;NA;"0.0";"0.0";0;0;0;0;FALSE;0;"1.3";"0.0";0;0;0;0;0;0;0;0;0;0;"0.0";NA;"1.0";FALSE;0;0;0;0;0;0;0;0;0;0;0;2;9;2017-03-25
203;"245741.jpg";"Seck";3334;"a";245741;"Abdoulaye";"Seck";3;"";40;NA;NA;"0.0";"0.0";0;0;0;0;FALSE;0;"0.9";"0.0";0;0;0;0;0;0;0;0;0;0;"0.0";NA;"1.0";FALSE;0;0;0;0;0;0;0;0;0;0;0;2;9;2017-03-25
204;"47608.jpg";"Bendiksen";3334;"a";47608;"Thomas";"Kind Bendiksen";7;"";55;NA;NA;"0.0";"0.0";0;0;0;0;FALSE;0;"1.4";"0.0";0;0;0;0;0;0;0;0;0;0;"0.0";NA;"0.0";FALSE;0;0;0;0;0;0;0;0;0;0;0;3;9;2017-03-25
205;"56430.jpg";"Vallès";3334;"a";56430;"Enric";"Vallès";15;"";45;NA;NA;"0.0";"0.0";0;0;0;0;FALSE;0;"0.7";"0.0";0;0;0;0;0;0;0;0;0;0;"0.0";NA;"0.0";FALSE;0;0;0;0;0;0;0;0;0;0;0;3;9;2017-03-25
206;"62002.jpg";"Storbaek";3334;"a";62002;"Havard";"Storbaek";9;"";55;NA;NA;"0.0";"0.0";0;0;0;0;FALSE;0;"0.9";"0.0";0;0;0;0;0;0;0;0;0;0;"0.0";NA;"0.0";FALSE;0;0;0;0;0;0;0;0;0;0;0;3;9;2017-03-25
207;"62040.jpg";"Mjelde";3334;"a";62040;"Erik";"Mjelde";8;"";60;NA;NA;"0.0";"0.0";0;0;0;0;FALSE;0;"2.6";"0.0";0;0;0;0;0;0;0;0;0;0;"0.0";NA;"0.0";FALSE;0;0;0;0;0;0;0;0;0;0;0;3;9;2017-03-25
208;"178436.jpg";"Morer";3334;"a";178436;"Pau";"Morer Vicente";6;"";50;NA;NA;"0.0";"0.0";0;0;0;0;FALSE;0;"0.2";"0.0";0;0;0;0;0;0;0;0;0;0;"0.0";NA;"0.0";FALSE;0;0;0;0;0;0;0;0;0;0;0;3;9;2017-03-25
209;"202250.jpg";"Sødlund";3334;"a";202250;"Andrè";"Sødlund";22;"";45;NA;NA;"0.0";"0.0";0;0;0;0;FALSE;0;"1.7";"0.0";0;0;0;0;0;0;0;0;0;0;"0.0";NA;"0.0";FALSE;0;0;0;0;0;0;0;0;0;0;0;3;9;2017-03-25
210;"202260.jpg";"Kurtovic";3334;"a";202260;"William";"Kurtovic";18;"";50;NA;NA;"0.0";"0.0";0;0;0;0;FALSE;0;"0.7";"0.0";0;0;0;0;0;0;0;0;0;0;"0.0";NA;"0.0";FALSE;0;0;0;0;0;0;0;0;0;0;0;3;9;2017-03-25
211;"35220.jpg";"Kovacs";3334;"a";35220;"Peter";"Kovacs";10;"";55;NA;NA;"0.0";"0.0";0;0;0;0;FALSE;0;"5.1";"0.0";0;0;0;0;0;0;0;0;0;0;"0.0";NA;"2.0";FALSE;0;0;0;0;0;0;0;0;0;0;0;4;9;2017-03-25
212;"88564.jpg";"Kastrati";3334;"a";88564;"Flamur";"Kastrati";11;"";60;NA;NA;"0.0";"0.0";0;0;0;0;FALSE;0;"2.1";"0.0";0;0;0;0;0;0;0;0;0;0;"0.0";NA;"2.0";FALSE;0;0;0;0;0;0;0;0;0;0;0;4;9;2017-03-25
213;"161274.jpg";"Lorentzen";3334;"a";161274;"Hakon";"Lorentzen";21;"";45;NA;NA;"0.0";"0.0";0;0;0;0;FALSE;0;"1.9";"0.0";0;0;0;0;0;0;0;0;0;0;"0.0";NA;"1.0";FALSE;0;0;0;0;0;0;0;0;0;0;0;4;9;2017-03-25
214;"178458.jpg";"Kebbie";3334;"a";178458;"Elliot";"Kebbie";NA;"";45;NA;NA;"0.0";"0.0";0;0;0;0;FALSE;0;"0.2";"0.0";0;0;0;0;0;0;0;0;0;0;"0.0";NA;"2.0";FALSE;0;0;0;0;0;0;0;0;0;0;0;2;9;2017-03-25
215;"107421.jpg";"Kristiansen";2997;"a";107421;"Anders";"Kristiansen Aasheim";21;"";50;NA;NA;"0.0";"0.0";0;0;0;0;FALSE;0;"4.0";"0.0";0;0;0;0;0;0;0;0;0;0;"0.0";NA;"3.0";FALSE;0;0;0;0;0;0;0;0;0;0;0;1;10;2017-03-25
216;"198885.jpg";"Cupic";2997;"a";198885;"Stefan";"Cupic";1;"";50;NA;NA;"0.0";"0.0";0;0;0;0;FALSE;0;"0.5";"0.0";0;0;0;0;0;0;0;0;0;0;"0.0";NA;"3.0";FALSE;0;0;0;0;0;0;0;0;0;0;0;1;10;2017-03-25
217;"57338.jpg";"Østli";2997;"a";57338;"Anders";"Østli";20;"";50;NA;NA;"0.0";"0.0";0;0;0;0;FALSE;0;"1.6";"0.0";0;0;0;0;0;0;0;0;0;0;"0.0";NA;"2.0";FALSE;0;0;0;0;0;0;0;0;0;0;0;2;10;2017-03-25
218;"61956.jpg";"Thomassen";2997;"a";61956;"Joachim";"Thomassen";16;"";55;NA;NA;"0.0";"0.0";0;0;0;0;FALSE;0;"4.4";"0.0";0;0;0;0;0;0;0;0;0;0;"0.0";NA;"3.0";FALSE;0;0;0;0;0;0;0;0;0;0;0;2;10;2017-03-25
219;"62004.jpg";"Sundli";2997;"a";62004;"Morten";"Sundli";4;"";45;NA;NA;"0.0";"0.0";0;0;0;0;FALSE;0;"2.2";"0.0";0;0;0;0;0;0;0;0;0;0;"0.0";NA;"2.0";FALSE;0;0;0;0;0;0;0;0;0;0;0;2;10;2017-03-25
220;"64091.jpg";"Toivomäki";2997;"a";64091;"Henri";"Toivomäki";3;"";45;NA;NA;"0.0";"0.0";0;0;0;0;FALSE;0;"0.8";"0.0";0;0;0;0;0;0;0;0;0;0;"0.0";NA;"2.0";FALSE;0;0;0;0;0;0;0;0;0;0;0;2;10;2017-03-25
221;"95601.jpg";"Hansen";2997;"a";95601;"Ole";"Heiren Hansen";13;"";50;NA;NA;"0.0";"0.0";0;0;0;0;FALSE;0;"0.9";"0.0";0;0;0;0;0;0;0;0;0;0;"0.0";NA;"2.0";FALSE;0;0;0;0;0;0;0;0;0;0;0;2;10;2017-03-25
222;"111807.jpg";"Groven";2997;"a";111807;"Alexander";"Groven";29;"";50;NA;NA;"0.0";"0.0";0;0;0;0;FALSE;0;"3.0";"0.0";0;0;0;0;0;0;0;0;0;0;"0.0";NA;"2.0";FALSE;0;0;0;0;0;0;0;0;0;0;0;2;10;2017-03-25
223;"206557.jpg";"Rosted";2997;"a";206557;"Sigurd";"Rosted";15;"";55;NA;NA;"0.0";"0.0";0;0;0;0;FALSE;0;"4.9";"0.0";0;0;0;0;0;0;0;0;0;0;"0.0";NA;"3.0";FALSE;0;0;0;0;0;0;0;0;0;0;0;2;10;2017-03-25
224;"235899.jpg";"Albeck";2997;"a";235899;"Andreas";"Albeck";2;"";50;NA;NA;"0.0";"0.0";0;0;0;0;FALSE;0;"1.9";"0.0";0;0;0;0;0;0;0;0;0;0;"0.0";NA;"2.0";FALSE;0;0;0;0;0;0;0;0;0;0;0;2;10;2017-03-25
225;"39740.jpg";"Nielsen";2997;"a";39740;"Matti";"Lund Nielsen";5;"";55;NA;NA;"0.0";"0.0";0;0;0;0;FALSE;0;"0.7";"0.0";0;0;0;0;0;0;0;0;0;0;"0.0";NA;"0.0";FALSE;0;0;0;0;0;0;0;0;0;0;0;3;10;2017-03-25
226;"81832.jpg";"Hovda";2997;"a";81832;"Tor";"Øyvinder Hovda";18;"";45;NA;NA;"0.0";"0.0";0;0;0;0;FALSE;0;"1.2";"0.0";0;0;0;0;0;0;0;0;0;0;"0.0";NA;"0.0";FALSE;0;0;0;0;0;0;0;0;0;0;0;3;10;2017-03-25
227;"109022.jpg";"Tveita";2997;"a";109022;"Jon-Helge";"Tveita";22;"";50;NA;NA;"0.0";"0.0";0;0;0;0;FALSE;0;"0.6";"0.0";0;0;0;0;0;0;0;0;0;0;"0.0";NA;"0.0";FALSE;0;0;0;0;0;0;0;0;0;0;0;3;10;2017-03-25
228;"121176.jpg";"Trondsen";2997;"a";121176;"Anders";"Trondsen";6;"";70;NA;NA;"0.0";"0.0";0;0;0;0;FALSE;0;"10.3";"0.0";0;0;0;0;0;0;0;0;0;0;"0.0";NA;"0.0";FALSE;0;0;0;0;0;0;0;0;0;0;0;3;10;2017-03-25
229;"202253.jpg";"Hansen";2997;"i";202253;"Kristoffer";"Normann Hansen";23;"Akillesskade";50;NA;NA;"0.0";"0.0";0;0;0;0;FALSE;0;"0.3";"0.0";0;0;0;0;0;0;0;0;0;0;"0.0";NA;"0.0";FALSE;0;0;0;0;0;0;0;0;0;0;0;3;10;2017-03-25
230;"207884.jpg";"Heintz";2997;"a";207884;"Tobias";"Heintz";14;"";45;NA;NA;"0.0";"0.0";0;0;0;0;FALSE;0;"0.8";"0.0";0;0;0;0;0;0;0;0;0;0;"0.0";NA;"0.0";FALSE;0;0;0;0;0;0;0;0;0;0;0;3;10;2017-03-25
231;"84457.jpg";"Halvorsen";2997;"a";84457;"Ole Jørgen";"Halvorsen";7;"";70;NA;NA;"0.0";"0.0";0;0;0;0;FALSE;0;"4.2";"0.0";0;0;0;0;0;0;0;0;0;0;"0.0";NA;"0.0";FALSE;0;0;0;0;0;0;0;0;0;0;0;3;10;2017-03-25
232;"79343.jpg";"Jørgensen";2997;"a";79343;"Joackim";"Jørgensen";11;"";55;NA;NA;"0.0";"0.0";0;0;0;0;FALSE;0;"0.6";"0.0";0;0;0;0;0;0;0;0;0;0;"0.0";NA;"0.0";FALSE;0;0;0;0;0;0;0;0;0;0;0;3;10;2017-03-25
233;"85050.jpg";"Mortensen";2997;"a";85050;"Patrick";"Mortensen";69;"";65;NA;NA;"0.0";"0.0";0;0;0;0;FALSE;0;"3.4";"0.0";0;0;0;0;0;0;0;0;0;0;"0.0";NA;"2.0";FALSE;0;0;0;0;0;0;0;0;0;0;0;4;10;2017-03-25
234;"85676.jpg";"Lindberg";2997;"a";85676;"Jonas";"Lindberg";10;"";55;NA;NA;"0.0";"0.0";0;0;0;0;FALSE;0;"6.0";"0.0";0;0;0;0;0;0;0;0;0;0;"0.0";NA;"2.0";FALSE;0;0;0;0;0;0;0;0;0;0;0;4;10;2017-03-25
235;"215654.jpg";"Kachi";2997;"a";215654;"Kachi";"";8;"";55;NA;NA;"0.0";"0.0";0;0;0;0;FALSE;0;"0.3";"0.0";0;0;0;0;0;0;0;0;0;0;"0.0";NA;"2.0";FALSE;0;0;0;0;0;0;0;0;0;0;0;4;10;2017-03-25
236;"247412.jpg";"Larsen";2997;"a";247412;"Jörgen Strand";"Larsen";45;"";45;NA;NA;"0.0";"0.0";0;0;0;0;FALSE;0;"0.7";"0.0";0;0;0;0;0;0;0;0;0;0;"0.0";NA;"1.0";FALSE;0;0;0;0;0;0;0;0;0;0;0;4;10;2017-03-25
237;"215653.jpg";"Mbedule";2997;"a";215653;"Amani";"Dickson Mbedule";24;"";50;NA;NA;"0.0";"0.0";0;0;0;0;FALSE;0;"0.4";"0.0";0;0;0;0;0;0;0;0;0;0;"0.0";NA;"1.0";FALSE;0;0;0;0;0;0;0;0;0;0;0;4;10;2017-03-25
238;"247788.jpg";"Zachariassen";2997;"a";247788;"Kristoffer";"Zachariassen";17;"";55;NA;NA;"0.0";"0.0";0;0;0;0;FALSE;0;"1.1";"0.0";0;0;0;0;0;0;0;0;0;0;"0.0";NA;"0.0";FALSE;0;0;0;0;0;0;0;0;0;0;0;3;10;2017-03-25
239;"249956.jpg";"Diatta";2997;"a";249956;"Krepin";"Diatta";NA;"";60;NA;NA;"0.0";"0.0";0;0;0;0;FALSE;0;"3.5";"0.0";0;0;0;0;0;0;0;0;0;0;"0.0";NA;"0.0";FALSE;0;0;0;0;0;0;0;0;0;0;0;3;10;2017-03-25
240;"117885.jpg";"Dyngeland";1250;"a";117885;"Matias";"Dyngeland";1;"";45;NA;NA;"0.0";"0.0";0;0;0;0;FALSE;0;"9.5";"0.0";0;0;0;0;0;0;0;0;0;0;"0.0";NA;"2.0";FALSE;0;0;0;0;0;0;0;0;0;0;0;1;11;2017-03-25
241;"223995.jpg";"Rutlin";1250;"a";223995;"Kristian";"Rutlin";21;"";40;NA;NA;"0.0";"0.0";0;0;0;0;FALSE;0;"1.1";"0.0";0;0;0;0;0;0;0;0;0;0;"0.0";NA;"1.0";FALSE;0;0;0;0;0;0;0;0;0;0;0;1;11;2017-03-25
242;"39724.jpg";"Teniste";1250;"a";39724;"Taijo";"Teniste";2;"";50;NA;NA;"0.0";"0.0";0;0;0;0;FALSE;0;"2.2";"0.0";0;0;0;0;0;0;0;0;0;0;"0.0";NA;"2.0";FALSE;0;0;0;0;0;0;0;0;0;0;0;2;11;2017-03-25
243;"97349.jpg";"Skaasheim";1250;"a";97349;"Eirik";"Skaasheim";24;"";40;NA;NA;"0.0";"0.0";0;0;0;0;FALSE;0;"2.7";"0.0";0;0;0;0;0;0;0;0;0;0;"0.0";NA;"1.0";FALSE;0;0;0;0;0;0;0;0;0;0;0;2;11;2017-03-25
244;"160211.jpg";"Utvik";1250;"a";160211;"Bjørn";"Inge Utvik";3;"";45;NA;NA;"0.0";"0.0";0;0;0;0;FALSE;0;"5.1";"0.0";0;0;0;0;0;0;0;0;0;0;"0.0";NA;"2.0";FALSE;0;0;0;0;0;0;0;0;0;0;0;2;11;2017-03-25
245;"192781.jpg";"Psyché";1250;"a";192781;"Christophe";"Psyché";17;"";50;NA;NA;"0.0";"0.0";0;0;0;0;FALSE;0;"2.6";"0.0";0;0;0;0;0;0;0;0;0;0;"0.0";NA;"2.0";FALSE;0;0;0;0;0;0;0;0;0;0;0;2;11;2017-03-25
246;"63785.jpg";"Furebotn";1250;"a";63785;"Henrik";"Furebotn";6;"";50;NA;NA;"0.0";"0.0";0;0;0;0;FALSE;0;"2.3";"0.0";0;0;0;0;0;0;0;0;0;0;"0.0";NA;"0.0";FALSE;0;0;0;0;0;0;0;0;0;0;0;3;11;2017-03-25
247;"83643.jpg";"Schulze";1250;"a";83643;"Eirik";"Schulze";7;"";50;NA;NA;"0.0";"0.0";0;0;0;0;FALSE;0;"0.3";"0.0";0;0;0;0;0;0;0;0;0;0;"0.0";NA;"0.0";FALSE;0;0;0;0;0;0;0;0;0;0;0;3;11;2017-03-25
248;"100045.jpg";"Birkelund";1250;"a";100045;"Eirik";"Birkelund";27;"";50;NA;NA;"0.0";"0.0";0;0;0;0;FALSE;0;"0.6";"0.0";0;0;0;0;0;0;0;0;0;0;"0.0";NA;"0.0";FALSE;0;0;0;0;0;0;0;0;0;0;0;3;11;2017-03-25
249;"111850.jpg";"Sveen";1250;"a";111850;"Ole";"Amund Sveen";19;"";65;NA;NA;"0.0";"0.0";0;0;0;0;FALSE;0;"1.6";"0.0";0;0;0;0;0;0;0;0;0;0;"0.0";NA;"2.0";FALSE;0;0;0;0;0;0;0;0;0;0;0;4;11;2017-03-25
250;"168342.jpg";"Koomson";1250;"a";168342;"Gilbert";"Koomson";10;"";75;NA;NA;"0.0";"0.0";0;0;0;0;FALSE;0;"8.1";"0.0";0;0;0;0;0;0;0;0;0;0;"0.0";NA;"0.0";FALSE;0;0;0;0;0;0;0;0;0;0;0;3;11;2017-03-25
251;"223089.jpg";"Hove";1250;"a";223089;"Johan";"Hove";28;"";45;NA;NA;"0.0";"0.0";0;0;0;0;FALSE;0;"0.3";"0.0";0;0;0;0;0;0;0;0;0;0;"0.0";NA;"0.0";FALSE;0;0;0;0;0;0;0;0;0;0;0;3;11;2017-03-25
252;"223996.jpg";"Kjemhus";1250;"a";223996;"Lars";"Christian Kjemhus";22;"";55;NA;NA;"0.0";"0.0";0;0;0;0;FALSE;0;"0.3";"0.0";0;0;0;0;0;0;0;0;0;0;"0.0";NA;"0.0";FALSE;0;0;0;0;0;0;0;0;0;0;0;3;11;2017-03-25
253;"223997.jpg";"Øy";1250;"a";223997;"Edin";"Øy";23;"";45;NA;NA;"0.0";"0.0";0;0;0;0;FALSE;0;"0.1";"0.0";0;0;0;0;0;0;0;0;0;0;"0.0";NA;"0.0";FALSE;0;0;0;0;0;0;0;0;0;0;0;3;11;2017-03-25
254;"224000.jpg";"Brekkhus";1250;"a";224000;"Simen";"Brekkhus";34;"";50;NA;NA;"0.0";"0.0";0;0;0;0;FALSE;0;"0.1";"0.0";0;0;0;0;0;0;0;0;0;0;"0.0";NA;"0.0";FALSE;0;0;0;0;0;0;0;0;0;0;0;3;11;2017-03-25
255;"230633.jpg";"Moberg";1250;"a";230633;"Vegard";"Leikvoll Moberg";16;"";40;NA;NA;"0.0";"0.0";0;0;0;0;FALSE;0;"1.0";"0.0";0;0;0;0;0;0;0;0;0;0;"0.0";NA;"1.0";FALSE;0;0;0;0;0;0;0;0;0;0;0;2;11;2017-03-25
256;"63984.jpg";"Bye";1250;"a";63984;"Bendik";"Bye";18;"";55;NA;NA;"0.0";"0.0";0;0;0;0;FALSE;0;"0.9";"0.0";0;0;0;0;0;0;0;0;0;0;"0.0";NA;"2.0";FALSE;0;0;0;0;0;0;0;0;0;0;0;4;11;2017-03-25
257;"212552.jpg";"Ramsland";1250;"a";212552;"Martin";"Ramsland";11;"";65;NA;NA;"0.0";"0.0";0;0;0;0;FALSE;0;"1.1";"0.0";0;0;0;0;0;0;0;0;0;0;"0.0";NA;"2.0";FALSE;0;0;0;0;0;0;0;0;0;0;0;4;11;2017-03-25
258;"224199.jpg";"Flo";1250;"a";224199;"Fredrik";"Flo";8;"";45;NA;NA;"0.0";"0.0";0;0;0;0;FALSE;0;"5.1";"0.0";0;0;0;0;0;0;0;0;0;0;"0.0";NA;"1.0";FALSE;0;0;0;0;0;0;0;0;0;0;0;4;11;2017-03-25
259;"209238.jpg";"Omenås";1250;"a";209238;"Tarjei Aase";"Omenås";13;"";40;NA;NA;"0.0";"0.0";0;0;0;0;FALSE;0;"0.5";"0.0";0;0;0;0;0;0;0;0;0;0;"0.0";NA;"1.0";FALSE;0;0;0;0;0;0;0;0;0;0;0;1;11;2017-03-25
260;"164400.jpg";"Grodås";1250;"a";164400;"Victor";"Grodås";5;"";45;NA;NA;"0.0";"0.0";0;0;0;0;FALSE;0;"1.7";"0.0";0;0;0;0;0;0;0;0;0;0;"0.0";NA;"2.0";FALSE;0;0;0;0;0;0;0;0;0;0;0;2;11;2017-03-25
261;"193398.jpg";"Steiring";1250;"a";193398;"Per-Magnus";"Steiring";15;"";40;NA;NA;"0.0";"0.0";0;0;0;0;FALSE;0;"2.3";"0.0";0;0;0;0;0;0;0;0;0;0;"0.0";NA;"1.0";FALSE;0;0;0;0;0;0;0;0;0;0;0;2;11;2017-03-25
262;"247413.jpg";"Nissen";1250;"a";247413;"Kasper";"Nissen";25;"";45;NA;NA;"0.0";"0.0";0;0;0;0;FALSE;0;"0.5";"0.0";0;0;0;0;0;0;0;0;0;0;"0.0";NA;"0.0";FALSE;0;0;0;0;0;0;0;0;0;0;0;3;11;2017-03-25
263;"247414.jpg";"Totland";1250;"a";247414;"Tomas Olai";"Totland";NA;"";45;NA;NA;"0.0";"0.0";0;0;0;0;FALSE;0;"0.4";"0.0";0;0;0;0;0;0;0;0;0;0;"0.0";NA;"0.0";FALSE;0;0;0;0;0;0;0;0;0;0;0;3;11;2017-03-25
264;"223998.jpg";"Ryland";1250;"a";223998;"Kristoffer";"Ryland";14;"";45;NA;NA;"0.0";"0.0";0;0;0;0;FALSE;0;"0.2";"0.0";0;0;0;0;0;0;0;0;0;0;"0.0";NA;"0.0";FALSE;0;0;0;0;0;0;0;0;0;0;0;3;11;2017-03-25
265;"185060.jpg";"Pedersen";1250;"a";185060;"Magnus";"Pedersen";26;"";45;NA;NA;"0.0";"0.0";0;0;0;0;FALSE;0;"0.2";"0.0";0;0;0;0;0;0;0;0;0;0;"0.0";NA;"2.0";FALSE;0;0;0;0;0;0;0;0;0;0;0;2;11;2017-03-25
266;"173519.jpg";"Nwakali";1250;"a";173519;"Chidibere";"Nwakali";4;"";65;NA;NA;"0.0";"0.0";0;0;0;0;FALSE;0;"1.4";"0.0";0;0;0;0;0;0;0;0;0;0;"0.0";NA;"0.0";FALSE;0;0;0;0;0;0;0;0;0;0;0;3;11;2017-03-25
267;"44624.jpg";"Jonsson";1250;"a";44624;"Kristinn";"Jonsson";30;"";45;NA;NA;"0.0";"0.0";0;0;0;0;FALSE;0;"0.1";"0.0";0;0;0;0;0;0;0;0;0;0;"0.0";NA;"2.0";FALSE;0;0;0;0;0;0;0;0;0;0;0;2;11;2017-03-25
268;"114321.jpg";"Sayouba";278;"a";114321;"Mandé";"Sayouba";1;"";45;NA;NA;"0.0";"0.0";0;0;0;0;FALSE;0;"7.5";"0.0";0;0;0;0;0;0;0;0;0;0;"0.0";NA;"2.0";FALSE;0;0;0;0;0;0;0;0;0;0;0;1;12;2017-03-25
269;"195390.jpg";"Sandhu";278;"a";195390;"Gurpreet";"Singh Sandhu";22;"";40;NA;NA;"0.0";"0.0";0;0;0;0;FALSE;0;"0.9";"0.0";0;0;0;0;0;0;0;0;0;0;"0.0";NA;"1.0";FALSE;0;0;0;0;0;0;0;0;0;0;0;1;12;2017-03-25
270;"229723.jpg";"Kjellevold";278;"a";229723;"Simen";"Lillevik Kjellevold";24;"";40;NA;NA;"0.0";"0.0";0;0;0;0;FALSE;0;"0.5";"0.0";0;0;0;0;0;0;0;0;0;0;"0.0";NA;"1.0";FALSE;0;0;0;0;0;0;0;0;0;0;0;1;12;2017-03-25
271;"55737.jpg";"Skjønsberg";278;"a";55737;"Morten";"Skjønsberg";3;"";50;NA;NA;"0.0";"0.0";0;0;0;0;FALSE;0;"4.9";"0.0";0;0;0;0;0;0;0;0;0;0;"0.0";NA;"2.0";FALSE;0;0;0;0;0;0;0;0;0;0;0;2;12;2017-03-25
272;"179297.jpg";"Granli";278;"a";179297;"Daniel";"Granli";21;"";40;NA;NA;"0.0";"0.0";0;0;0;0;FALSE;0;"16.0";"0.0";0;0;0;0;0;0;0;0;0;0;"0.0";NA;"1.0";FALSE;0;0;0;0;0;0;0;0;0;0;0;2;12;2017-03-25
273;"202639.jpg";"Espung";278;"a";202639;"Jesper";"Espung";90;"";40;NA;NA;"0.0";"0.0";0;0;0;0;FALSE;0;"0.3";"0.0";0;0;0;0;0;0;0;0;0;0;"0.0";NA;"1.0";FALSE;0;0;0;0;0;0;0;0;0;0;0;2;12;2017-03-25
274;"209020.jpg";"Hanche-Olsen";278;"a";209020;"Andreas";"Hanche-Olsen";16;"";45;NA;NA;"0.0";"0.0";0;0;0;0;FALSE;0;"1.2";"0.0";0;0;0;0;0;0;0;0;0;0;"0.0";NA;"2.0";FALSE;0;0;0;0;0;0;0;0;0;0;0;2;12;2017-03-25
275;"224140.jpg";"Moe";278;"a";224140;"Jeppe";"Moe";18;"";40;NA;NA;"0.0";"0.0";0;0;0;0;FALSE;0;"4.8";"0.0";0;0;0;0;0;0;0;0;0;0;"0.0";NA;"1.0";FALSE;0;0;0;0;0;0;0;0;0;0;0;2;12;2017-03-25
276;"215756.jpg";"Race";278;"a";215756;"Edvard";"Linnebo Race";60;"";45;NA;NA;"0.0";"0.0";0;0;0;0;FALSE;0;"0.3";"0.0";0;0;0;0;0;0;0;0;0;0;"0.0";NA;"2.0";FALSE;0;0;0;0;0;0;0;0;0;0;0;2;12;2017-03-25
277;"84927.jpg";"Brochmann";278;"a";84927;"Tonny";"Brochmann";89;"";60;NA;NA;"0.0";"0.0";0;0;0;0;FALSE;0;"2.0";"0.0";0;0;0;0;0;0;0;0;0;0;"0.0";NA;"0.0";FALSE;0;0;0;0;0;0;0;0;0;0;0;3;12;2017-03-25
278;"91082.jpg";"Omoijuanfo";278;"a";91082;"Ohikhuaeme";"Omoijuanfo";99;"";65;NA;NA;"0.0";"0.0";0;0;0;0;FALSE;0;"6.6";"0.0";0;0;0;0;0;0;0;0;0;0;"0.0";NA;"2.0";FALSE;0;0;0;0;0;0;0;0;0;0;0;4;12;2017-03-25
279;"130176.jpg";"Kassi";278;"a";130176;"Luc";"Kassi";28;"";60;NA;NA;"0.0";"0.0";0;0;0;0;FALSE;0;"3.7";"0.0";0;0;0;0;0;0;0;0;0;0;"0.0";NA;"0.0";FALSE;0;0;0;0;0;0;0;0;0;0;0;3;12;2017-03-25
280;"162328.jpg";"Lumanza";278;"a";162328;"Tortol";"Lumanza Lembi";67;"";50;NA;NA;"0.0";"0.0";0;0;0;0;FALSE;0;"0.7";"0.0";0;0;0;0;0;0;0;0;0;0;"0.0";NA;"0.0";FALSE;0;0;0;0;0;0;0;0;0;0;0;3;12;2017-03-25
281;"173913.jpg";"Njie";278;"a";173913;"Moussa";"Njie";11;"";55;NA;NA;"0.0";"0.0";0;0;0;0;FALSE;0;"11.1";"0.0";0;0;0;0;0;0;0;0;0;0;"0.0";NA;"0.0";FALSE;0;0;0;0;0;0;0;0;0;0;0;3;12;2017-03-25
282;"208395.jpg";"Ostvold";278;"a";208395;"Marius";"Ostvold";40;"";45;NA;NA;"0.0";"0.0";0;0;0;0;FALSE;0;"0.3";"0.0";0;0;0;0;0;0;0;0;0;0;"0.0";NA;"0.0";FALSE;0;0;0;0;0;0;0;0;0;0;0;3;12;2017-03-25
283;"216621.jpg";"Pedersen";278;"a";216621;"Sebastian";"Pedersen";79;"";50;NA;NA;"0.0";"0.0";0;0;0;0;FALSE;0;"0.6";"0.0";0;0;0;0;0;0;0;0;0;0;"0.0";NA;"1.0";FALSE;0;0;0;0;0;0;0;0;0;0;0;4;12;2017-03-25
284;"219497.jpg";"Bohinen";278;"a";219497;"Emil";"Bohinen";23;"";50;NA;NA;"0.0";"0.0";0;0;0;0;FALSE;0;"0.4";"0.0";0;0;0;0;0;0;0;0;0;0;"0.0";NA;"0.0";FALSE;0;0;0;0;0;0;0;0;0;0;0;3;12;2017-03-25
285;"243001.jpg";"Børkeeiet";278;"a";243001;"Tobias";"Borchgrevink Børkeeiet";42;"";45;NA;NA;"0.0";"0.0";0;0;0;0;FALSE;0;"0.1";"0.0";0;0;0;0;0;0;0;0;0;0;"0.0";NA;"0.0";FALSE;0;0;0;0;0;0;0;0;0;0;0;3;12;2017-03-25
286;"111845.jpg";"Boli";278;"a";111845;"Franck";"Boli";77;"";65;NA;NA;"0.0";"0.0";0;0;0;0;FALSE;0;"5.0";"0.0";0;0;0;0;0;0;0;0;0;0;"0.0";NA;"2.0";FALSE;0;0;0;0;0;0;0;0;0;0;0;4;12;2017-03-25
287;"227706.jpg";"Aanesland";278;"a";227706;"Markus";"Myre Aanesland";30;"";45;NA;NA;"0.0";"0.0";0;0;0;0;FALSE;0;"0.1";"0.0";0;0;0;0;0;0;0;0;0;0;"0.0";NA;"1.0";FALSE;0;0;0;0;0;0;0;0;0;0;0;4;12;2017-03-25
288;"244510.jpg";"Løken";278;"a";244510;"Oskar";"Løken";50;"";45;NA;NA;"0.0";"0.0";0;0;0;0;FALSE;0;"0.2";"0.0";0;0;0;0;0;0;0;0;0;0;"0.0";NA;"1.0";FALSE;0;0;0;0;0;0;0;0;0;0;0;4;12;2017-03-25
289;"62059.jpg";"Skogseid";278;"a";62059;"Håkon";"Skogseid";6;"";45;NA;NA;"0.0";"0.0";0;0;0;0;FALSE;0;"2.9";"0.0";0;0;0;0;0;0;0;0;0;0;"0.0";NA;"2.0";FALSE;0;0;0;0;0;0;0;0;0;0;0;2;12;2017-03-25
290;"247415.jpg";"Mauritz-Hansen";278;"a";247415;"Sindre ";"Mauritz-Hansen";9;"";50;NA;NA;"0.0";"0.0";0;0;0;0;FALSE;0;"0.4";"0.0";0;0;0;0;0;0;0;0;0;0;"0.0";NA;"1.0";FALSE;0;0;0;0;0;0;0;0;0;0;0;4;12;2017-03-25
291;"249957.jpg";"El Amrani";278;"a";249957;"Ahmed";"El Amrani";17;"";40;NA;NA;"0.0";"0.0";0;0;0;0;FALSE;0;"1.2";"0.0";0;0;0;0;0;0;0;0;0;0;"0.0";NA;"1.0";FALSE;0;0;0;0;0;0;0;0;0;0;0;2;12;2017-03-25
292;"249954.jpg";"Ødegård";278;"a";249954;"Tobias";"Ødegård";4;"";40;NA;NA;"0.0";"0.0";0;0;0;0;FALSE;0;"0.8";"0.0";0;0;0;0;0;0;0;0;0;0;"0.0";NA;"1.0";FALSE;0;0;0;0;0;0;0;0;0;0;0;2;12;2017-03-25
293;"62034.jpg";"Pettersen";2364;"a";62034;"Espen";"Bugge Pettersen";1;"";50;NA;NA;"0.0";"0.0";0;0;0;0;FALSE;0;"3.0";"0.0";0;0;0;0;0;0;0;0;0;0;"0.0";NA;"3.0";FALSE;0;0;0;0;0;0;0;0;0;0;0;1;13;2017-03-25
294;"185998.jpg";"Saetra";2364;"a";185998;"Morten";"Saetra";40;"";40;NA;NA;"0.0";"0.0";0;0;0;0;FALSE;0;"0.6";"0.0";0;0;0;0;0;0;0;0;0;0;"0.0";NA;"1.0";FALSE;0;0;0;0;0;0;0;0;0;0;0;1;13;2017-03-25
295;"179758.jpg";"Makani";2364;"a";179758;"Sosha";"Makani";77;"";50;NA;NA;"0.0";"0.0";0;0;0;0;FALSE;0;"1.2";"0.0";0;0;0;0;0;0;0;0;0;0;"0.0";NA;"3.0";FALSE;0;0;0;0;0;0;0;0;0;0;0;1;13;2017-03-25
296;"60028.jpg";"Hamoud";2364;"a";60028;"Mournir";"Hamoud";2;"";50;NA;NA;"0.0";"0.0";0;0;0;0;FALSE;0;"3.2";"0.0";0;0;0;0;0;0;0;0;0;0;"0.0";NA;"2.0";FALSE;0;0;0;0;0;0;0;0;0;0;0;2;13;2017-03-25
297;"61986.jpg";"Madsen";2364;"a";61986;"Kim";"Andre Madsen";4;"";55;NA;NA;"0.0";"0.0";0;0;0;0;FALSE;0;"2.4";"0.0";0;0;0;0;0;0;0;0;0;0;"0.0";NA;"3.0";FALSE;0;0;0;0;0;0;0;0;0;0;0;2;13;2017-03-25
298;"62023.jpg";"Parr";2364;"a";62023;"Jonathan";"Parr";3;"";60;NA;NA;"0.0";"0.0";0;0;0;0;FALSE;0;"20.0";"0.0";0;0;0;0;0;0;0;0;0;0;"0.0";NA;"3.0";FALSE;0;0;0;0;0;0;0;0;0;0;0;2;13;2017-03-25
299;"81894.jpg";"Vilsvik";2364;"a";81894;"Lars-Christopher";"Vilsvik";26;"";60;NA;NA;"0.0";"0.0";0;0;0;0;FALSE;0;"27.0";"0.0";0;0;0;0;0;0;0;0;0;0;"0.0";NA;"3.0";FALSE;0;0;0;0;0;0;0;0;0;0;0;2;13;2017-03-25
300;"100099.jpg";"Hoibraten";2364;"a";100099;"Marius";"Hoibraten";28;"";50;NA;NA;"0.0";"0.0";0;0;0;0;FALSE;0;"1.3";"0.0";0;0;0;0;0;0;0;0;0;0;"0.0";NA;"2.0";FALSE;0;0;0;0;0;0;0;0;0;0;0;2;13;2017-03-25
301;"223964.jpg";"Glesnes";2364;"a";223964;"Jakob";"Glesnes";5;"";55;NA;NA;"0.0";"0.0";0;0;0;0;FALSE;0;"3.0";"0.0";0;0;0;0;0;0;0;0;0;0;"0.0";NA;"3.0";FALSE;0;0;0;0;0;0;0;0;0;0;0;2;13;2017-03-25
302;"224051.jpg";"Lindquist";2364;"a";224051;"Christopher";"Lindquist";17;"";45;NA;NA;"0.0";"0.0";0;0;0;0;FALSE;0;"0.5";"0.0";0;0;0;0;0;0;0;0;0;0;"0.0";NA;"2.0";FALSE;0;0;0;0;0;0;0;0;0;0;0;2;13;2017-03-25
303;"61978.jpg";"Ringstad";2364;"a";61978;"Stian ";"Ringstad";25;"";55;NA;NA;"0.0";"0.0";0;0;0;0;FALSE;0;"2.3";"0.0";0;0;0;0;0;0;0;0;0;0;"0.0";NA;"3.0";FALSE;0;0;0;0;0;0;0;0;0;0;0;2;13;2017-03-25
304;"224052.jpg";"Johansen";2364;"a";224052;"Sondre";"Johansen";46;"";40;NA;NA;"0.0";"0.0";0;0;0;0;FALSE;0;"1.2";"0.0";0;0;0;0;0;0;0;0;0;0;"0.0";NA;"1.0";FALSE;0;0;0;0;0;0;0;0;0;0;0;2;13;2017-03-25
305;"61979.jpg";"Tokstad";2364;"a";61979;"Kristoffer";"Tokstad";15;"";85;NA;NA;"0.0";"0.0";0;0;0;0;FALSE;0;"3.5";"0.0";0;0;0;0;0;0;0;0;0;0;"0.0";NA;"0.0";FALSE;0;0;0;0;0;0;0;0;0;0;0;3;13;2017-03-25
306;"96235.jpg";"Andersen";2364;"a";96235;"Eirik";"Ulland Andersen";23;"";80;NA;NA;"0.0";"0.0";0;0;0;0;FALSE;0;"1.5";"0.0";0;0;0;0;0;0;0;0;0;0;"0.0";NA;"0.0";FALSE;0;0;0;0;0;0;0;0;0;0;0;3;13;2017-03-25
307;"103764.jpg";"Nguen";2364;"a";103764;"Tokmac";"Nguen";93;"";70;NA;NA;"0.0";"0.0";0;0;0;0;FALSE;0;"6.0";"0.0";0;0;0;0;0;0;0;0;0;0;"0.0";NA;"0.0";FALSE;0;0;0;0;0;0;0;0;0;0;0;3;13;2017-03-25
308;"115596.jpg";"Júnior";2364;"a";115596;"Francisco";"Júnior";19;"";55;NA;NA;"0.0";"0.0";0;0;0;0;FALSE;0;"1.1";"0.0";0;0;0;0;0;0;0;0;0;0;"0.0";NA;"0.0";FALSE;0;0;0;0;0;0;0;0;0;0;0;3;13;2017-03-25
309;"182278.jpg";"Gjerström";2364;"a";182278;"Mathias";"Gjerström";21;"";45;NA;NA;"0.0";"0.0";0;0;0;0;FALSE;0;"0.5";"0.0";0;0;0;0;0;0;0;0;0;0;"0.0";NA;"0.0";FALSE;0;0;0;0;0;0;0;0;0;0;0;3;13;2017-03-25
310;"182402.jpg";"Sivodedov";2364;"a";182402;"Christian";"Rubio Sivodedov";13;"";55;NA;NA;"0.0";"0.0";0;0;0;0;FALSE;0;"0.2";"0.0";0;0;0;0;0;0;0;0;0;0;"0.0";NA;"0.0";FALSE;0;0;0;0;0;0;0;0;0;0;0;3;13;2017-03-25
311;"167043.jpg";"Jradi";2364;"a";167043;"Bassel";"Jradi";8;"";65;NA;NA;"0.0";"0.0";0;0;0;0;FALSE;0;"1.8";"0.0";0;0;0;0;0;0;0;0;0;0;"0.0";NA;"0.0";FALSE;0;0;0;0;0;0;0;0;0;0;0;3;13;2017-03-25
312;"55742.jpg";"Hauger";2364;"a";55742;"Henning";"Hauger";6;"";55;NA;NA;"0.0";"0.0";0;0;0;0;FALSE;0;"2.9";"0.0";0;0;0;0;0;0;0;0;0;0;"0.0";NA;"0.0";FALSE;0;0;0;0;0;0;0;0;0;0;0;3;13;2017-03-25
313;"229419.jpg";"Ahlander";2364;"a";229419;"Knut";"Ahlander";54;"";45;NA;NA;"0.0";"0.0";0;0;0;0;FALSE;0;"0.2";"0.0";0;0;0;0;0;0;0;0;0;0;"0.0";NA;"0.0";FALSE;0;0;0;0;0;0;0;0;0;0;0;3;13;2017-03-25
314;"61799.jpg";"Engblom";2364;"a";61799;"Pontus";"Engblom";9;"";85;NA;NA;"0.0";"0.0";0;0;0;0;FALSE;0;"4.7";"0.0";0;0;0;0;0;0;0;0;0;0;"0.0";NA;"3.0";FALSE;0;0;0;0;0;0;0;0;0;0;0;4;13;2017-03-25
315;"61991.jpg";"Pedersen";2364;"a";61991;"Marcus";"Pedersen";10;"";105;NA;NA;"0.0";"0.0";0;0;0;0;FALSE;0;"13.7";"0.0";0;0;0;0;0;0;0;0;0;0;"0.0";NA;"3.0";FALSE;0;0;0;0;0;0;0;0;0;0;0;4;13;2017-03-25
316;"62066.jpg";"Hoiland";2364;"a";62066;"Tommy";"Hoiland";7;"";70;NA;NA;"0.0";"0.0";0;0;0;0;FALSE;0;"2.4";"0.0";0;0;0;0;0;0;0;0;0;0;"0.0";NA;"2.0";FALSE;0;0;0;0;0;0;0;0;0;0;0;4;13;2017-03-25
317;"224956.jpg";"Agouda";2364;"a";224956;"Abdul-Basit";"Agouda";34;"";50;NA;NA;"0.0";"0.0";0;0;0;0;FALSE;0;"0.3";"0.0";0;0;0;0;0;0;0;0;0;0;"0.0";NA;"1.0";FALSE;0;0;0;0;0;0;0;0;0;0;0;4;13;2017-03-25
318;"235842.jpg";"Hoven";2364;"a";235842;"Andreas";"Hoven";NA;"";45;NA;NA;"0.0";"0.0";0;0;0;0;FALSE;0;"0.4";"0.0";0;0;0;0;0;0;0;0;0;0;"0.0";NA;"1.0";FALSE;0;0;0;0;0;0;0;0;0;0;0;4;13;2017-03-25
319;"172621.jpg";"Tagbajumi";2364;"a";172621;"Marco";"Tagbajumi";33;"";75;NA;NA;"0.0";"0.0";0;0;0;0;FALSE;0;"3.9";"0.0";0;0;0;0;0;0;0;0;0;0;"0.0";NA;"2.0";FALSE;0;0;0;0;0;0;0;0;0;0;0;4;13;2017-03-25
320;"57466.jpg";"Loncaric";310;"a";57466;"Filip";"Loncaric";12;"";45;NA;NA;"0.0";"0.0";0;0;0;0;FALSE;0;"0.9";"0.0";0;0;0;0;0;0;0;0;0;0;"0.0";NA;"2.0";FALSE;0;0;0;0;0;0;0;0;0;0;0;1;14;2017-03-25
321;"95510.jpg";"Kongshavn";310;"a";95510;"Gudmund";"Taksdal Kongshavn";1;"";45;NA;NA;"0.0";"0.0";0;0;0;0;FALSE;0;"2.1";"0.0";0;0;0;0;0;0;0;0;0;0;"0.0";NA;"2.0";FALSE;0;0;0;0;0;0;0;0;0;0;0;1;14;2017-03-25
322;"202266.jpg";"Karlstrom";310;"a";202266;"Jacob";"Karlstrom";28;"";40;NA;NA;"0.0";"0.0";0;0;0;0;FALSE;0;"0.9";"0.0";0;0;0;0;0;0;0;0;0;0;"0.0";NA;"1.0";FALSE;0;0;0;0;0;0;0;0;0;0;0;1;14;2017-03-25
323;"61921.jpg";"Wangberg";310;"a";61921;"Simen";"Wangberg";22;"";50;NA;NA;"0.0";"0.0";0;0;0;0;FALSE;0;"6.1";"0.0";0;0;0;0;0;0;0;0;0;0;"0.0";NA;"2.0";FALSE;0;0;0;0;0;0;0;0;0;0;0;2;14;2017-03-25
324;"81902.jpg";"Norbye";310;"a";81902;"Hans";"Norbye";14;"";45;NA;NA;"0.0";"0.0";0;0;0;0;FALSE;0;"7.9";"0.0";0;0;0;0;0;0;0;0;0;0;"0.0";NA;"2.0";FALSE;0;0;0;0;0;0;0;0;0;0;0;2;14;2017-03-25
325;"84125.jpg";"Odegaard";310;"a";84125;"Magnar";"Odegaard";5;"";45;NA;NA;"0.0";"0.0";0;0;0;0;FALSE;0;"1.7";"0.0";0;0;0;0;0;0;0;0;0;0;"0.0";NA;"2.0";FALSE;0;0;0;0;0;0;0;0;0;0;0;2;14;2017-03-25
326;"164722.jpg";"Antonsen";310;"a";164722;"Kent-Are";"Antonsen";3;"";45;NA;NA;"0.0";"0.0";0;0;0;0;FALSE;0;"1.0";"0.0";0;0;0;0;0;0;0;0;0;0;"0.0";NA;"2.0";FALSE;0;0;0;0;0;0;0;0;0;0;0;2;14;2017-03-25
327;"185767.jpg";"Nilsen";310;"a";185767;"Lasse";"Nilsen";25;"";40;NA;NA;"0.0";"0.0";0;0;0;0;FALSE;0;"2.3";"0.0";0;0;0;0;0;0;0;0;0;0;"0.0";NA;"1.0";FALSE;0;0;0;0;0;0;0;0;0;0;0;2;14;2017-03-25
328;"202265.jpg";"Gundersen";310;"a";202265;"Jostein";"Gundersen";26;"";45;NA;NA;"0.0";"0.0";0;0;0;0;FALSE;0;"0.4";"0.0";0;0;0;0;0;0;0;0;0;0;"0.0";NA;"2.0";FALSE;0;0;0;0;0;0;0;0;0;0;0;2;14;2017-03-25
329;"213398.jpg";"Jenssen";310;"a";213398;"Ulrik";"Yttergård Jenssen";8;"";50;NA;NA;"0.0";"0.0";0;0;0;0;FALSE;0;"2.1";"0.0";0;0;0;0;0;0;0;0;0;0;"0.0";NA;"2.0";FALSE;0;0;0;0;0;0;0;0;0;0;0;2;14;2017-03-25
330;"16058.jpg";"Pedersen";310;"a";16058;"Morten";"Gamst Pedersen";7;"";55;NA;NA;"0.0";"0.0";0;0;0;0;FALSE;0;"2.6";"0.0";0;0;0;0;0;0;0;0;0;0;"0.0";NA;"0.0";FALSE;0;0;0;0;0;0;0;0;0;0;0;3;14;2017-03-25
331;"62063.jpg";"Landu";310;"a";62063;"Christian";"Landu Landu";6;"";50;NA;NA;"0.0";"0.0";0;0;0;0;FALSE;0;"2.4";"0.0";0;0;0;0;0;0;0;0;0;0;"0.0";NA;"0.0";FALSE;0;0;0;0;0;0;0;0;0;0;0;3;14;2017-03-25
332;"63792.jpg";"Johansen";310;"a";63792;"Jonas";"Johansen";11;"";45;NA;NA;"0.0";"0.0";0;0;0;0;FALSE;0;"2.4";"0.0";0;0;0;0;0;0;0;0;0;0;"0.0";NA;"0.0";FALSE;0;0;0;0;0;0;0;0;0;0;0;3;14;2017-03-25
333;"63797.jpg";"Andersen";310;"a";63797;"Magnus";"Andersen";15;"";65;NA;NA;"0.0";"0.0";0;0;0;0;FALSE;0;"1.0";"0.0";0;0;0;0;0;0;0;0;0;0;"0.0";NA;"0.0";FALSE;0;0;0;0;0;0;0;0;0;0;0;3;14;2017-03-25
334;"87069.jpg";"Aasen";310;"a";87069;"Gjermund";"Asen";23;"";60;NA;NA;"0.0";"0.0";0;0;0;0;FALSE;0;"2.5";"0.0";0;0;0;0;0;0;0;0;0;0;"0.0";NA;"0.0";FALSE;0;0;0;0;0;0;0;0;0;0;0;3;14;2017-03-25
335;"101124.jpg";"Frantzen";310;"a";101124;"William";"Frantzen";19;"";45;NA;NA;"0.0";"0.0";0;0;0;0;FALSE;0;"0.7";"0.0";0;0;0;0;0;0;0;0;0;0;"0.0";NA;"0.0";FALSE;0;0;0;0;0;0;0;0;0;0;0;3;14;2017-03-25
336;"172946.jpg";"Sigurdarson";310;"a";172946;"Aron";"Sigurdarson";17;"";65;NA;NA;"0.0";"0.0";0;0;0;0;FALSE;0;"6.2";"0.0";0;0;0;0;0;0;0;0;0;0;"0.0";NA;"0.0";FALSE;0;0;0;0;0;0;0;0;0;0;0;3;14;2017-03-25
337;"185766.jpg";"Ingebrigtsen";310;"a";185766;"Mikael";"Ingebrigtsen";24;"";60;NA;NA;"0.0";"0.0";0;0;0;0;FALSE;0;"0.9";"0.0";0;0;0;0;0;0;0;0;0;0;"0.0";NA;"0.0";FALSE;0;0;0;0;0;0;0;0;0;0;0;3;14;2017-03-25
338;"208021.jpg";"Michalsen";310;"a";208021;"Fredrik";"Michalsen";27;"";50;NA;NA;"0.0";"0.0";0;0;0;0;FALSE;0;"0.1";"0.0";0;0;0;0;0;0;0;0;0;0;"0.0";NA;"0.0";FALSE;0;0;0;0;0;0;0;0;0;0;0;3;14;2017-03-25
339;"171039.jpg";"Espejord";310;"a";171039;"Runar";"Espejord";30;"";60;NA;NA;"0.0";"0.0";0;0;0;0;FALSE;0;"2.5";"0.0";0;0;0;0;0;0;0;0;0;0;"0.0";NA;"2.0";FALSE;0;0;0;0;0;0;0;0;0;0;0;4;14;2017-03-25
340;"95471.jpg";"Vuk";310;"a";95471;"Sloboan";"Vuk";9;"";70;NA;NA;"0.0";"0.0";0;0;0;0;FALSE;0;"1.5";"0.0";0;0;0;0;0;0;0;0;0;0;"0.0";NA;"2.0";FALSE;0;0;0;0;0;0;0;0;0;0;0;4;14;2017-03-25
341;"63734.jpg";"Lehne Olsen";310;"a";63734;"Thomas";"Lehne Olsen";10;"";65;NA;NA;"0.0";"0.0";0;0;0;0;FALSE;0;"4.7";"0.0";0;0;0;0;0;0;0;0;0;0;"0.0";NA;"2.0";FALSE;0;0;0;0;0;0;0;0;0;0;0;4;14;2017-03-25
342;"61776.jpg";"Sandberg";311;"a";61776;"Marcus";"Sandberg";1;"";50;NA;NA;"0.0";"0.0";0;0;0;0;FALSE;0;"2.7";"0.0";0;0;0;0;0;0;0;0;0;0;"0.0";NA;"3.0";FALSE;0;0;0;0;0;0;0;0;0;0;0;1;15;2017-03-25
343;"81897.jpg";"Falch";311;"a";81897;"Aslak";"Falch";30;"";45;NA;NA;"0.0";"0.0";0;0;0;0;FALSE;0;"0.5";"0.0";0;0;0;0;0;0;0;0;0;0;"0.0";NA;"2.0";FALSE;0;0;0;0;0;0;0;0;0;0;0;1;15;2017-03-25
344;"223081.jpg";"Klaesson";311;"a";223081;"Kristoffer";"Klaesson";13;"";40;NA;NA;"0.0";"0.0";0;0;0;0;FALSE;0;"0.6";"0.0";0;0;0;0;0;0;0;0;0;0;"0.0";NA;"1.0";FALSE;0;0;0;0;0;0;0;0;0;0;0;1;15;2017-03-25
345;"208947.jpg";"Moller";311;"a";208947;"Adrian";"Jonuzi Moller";34;"";40;NA;NA;"0.0";"0.0";0;0;0;0;FALSE;0;"1.0";"0.0";0;0;0;0;0;0;0;0;0;0;"0.0";NA;"1.0";FALSE;0;0;0;0;0;0;0;0;0;0;0;1;15;2017-03-25
346;"62018.jpg";"Nation";311;"a";62018;"Jonatan";"Tollas Nation";4;"";55;NA;NA;"0.0";"0.0";0;0;0;0;FALSE;0;"5.3";"0.0";0;0;0;0;0;0;0;0;0;0;"0.0";NA;"3.0";FALSE;0;0;0;0;0;0;0;0;0;0;0;2;15;2017-03-25
347;"66539.jpg";"Lundstrom";311;"a";66539;"Robert";"Lundstrom";5;"";55;NA;NA;"0.0";"0.0";0;0;0;0;FALSE;0;"5.4";"0.0";0;0;0;0;0;0;0;0;0;0;"0.0";NA;"3.0";FALSE;0;0;0;0;0;0;0;0;0;0;0;2;15;2017-03-25
348;"164716.jpg";"Näsberg";311;"a";164716;"Ivan";"Näsberg";22;"";50;NA;NA;"0.0";"0.0";0;0;0;0;FALSE;0;"1.3";"0.0";0;0;0;0;0;0;0;0;0;0;"0.0";NA;"2.0";FALSE;0;0;0;0;0;0;0;0;0;0;0;2;15;2017-03-25
349;"206042.jpg";"Nakkim";311;"a";206042;"Markus";"Nakkim";2;"";50;NA;NA;"0.0";"0.0";0;0;0;0;FALSE;0;"5.4";"0.0";0;0;0;0;0;0;0;0;0;0;"0.0";NA;"2.0";FALSE;0;0;0;0;0;0;0;0;0;0;0;2;15;2017-03-25
350;"227453.jpg";"Sandrakumar";311;"a";227453;"Mathusan";"Sandrakumar";40;"";40;NA;NA;"0.0";"0.0";0;0;0;0;FALSE;0;"1.0";"0.0";0;0;0;0;0;0;0;0;0;0;"0.0";NA;"1.0";FALSE;0;0;0;0;0;0;0;0;0;0;0;2;15;2017-03-25
351;"233939.jpg";"Hay";311;"a";233939;"Kristoffer";"Hay";38;"";40;NA;NA;"0.0";"0.0";0;0;0;0;FALSE;0;"1.0";"0.0";0;0;0;0;0;0;0;0;0;0;"0.0";NA;"1.0";FALSE;0;0;0;0;0;0;0;0;0;0;0;2;15;2017-03-25
352;"26922.jpg";"Grindheim";311;"a";26922;"Christian";"Grindheim";19;"";70;NA;NA;"0.0";"0.0";0;0;0;0;FALSE;0;"5.0";"0.0";0;0;0;0;0;0;0;0;0;0;"0.0";NA;"0.0";FALSE;0;0;0;0;0;0;0;0;0;0;0;3;15;2017-03-25
353;"41414.jpg";"Holm";311;"a";41414;"Daniel";"Fredheim Holm";7;"";65;NA;NA;"0.0";"0.0";0;0;0;0;FALSE;0;"1.9";"0.0";0;0;0;0;0;0;0;0;0;0;"0.0";NA;"0.0";FALSE;0;0;0;0;0;0;0;0;0;0;0;3;15;2017-03-25
354;"62003.jpg";"Lekven";311;"a";62003;"Magnus";"Lekven";8;"";55;NA;NA;"0.0";"0.0";0;0;0;0;FALSE;0;"2.4";"0.0";0;0;0;0;0;0;0;0;0;0;"0.0";NA;"0.0";FALSE;0;0;0;0;0;0;0;0;0;0;0;3;15;2017-03-25
355;"96123.jpg";"Stengel";311;"a";96123;"Herman";"Stengel";14;"";60;NA;NA;"0.0";"0.0";0;0;0;0;FALSE;0;"4.4";"0.0";0;0;0;0;0;0;0;0;0;0;"0.0";NA;"0.0";FALSE;0;0;0;0;0;0;0;0;0;0;0;3;15;2017-03-25
356;"124064.jpg";"Zahid";311;"a";124064;"Ghayas";"Zahid";10;"";105;NA;NA;"0.0";"0.0";0;0;0;0;FALSE;0;"17.8";"0.0";0;0;0;0;0;0;0;0;0;0;"0.0";NA;"0.0";FALSE;0;0;0;0;0;0;0;0;0;0;0;3;15;2017-03-25
357;"157311.jpg";"Agyiri";311;"a";157311;"Ernest";"Agyiri";39;"";60;NA;NA;"0.0";"0.0";0;0;0;0;FALSE;0;"0.8";"0.0";0;0;0;0;0;0;0;0;0;0;"0.0";NA;"0.0";FALSE;0;0;0;0;0;0;0;0;0;0;0;3;15;2017-03-25
358;"170059.jpg";"Fridjonsson";311;"i";170059;"Samuel";"Kari Fridjonsson";27;"Korsbåndsskade";50;NA;NA;"0.0";"0.0";0;0;0;0;FALSE;0;"0.2";"0.0";0;0;0;0;0;0;0;0;0;0;"0.0";NA;"0.0";FALSE;0;0;0;0;0;0;0;0;0;0;0;3;15;2017-03-25
359;"178460.jpg";"Lindkvist";311;"a";178460;"Rasmus";"Lindkvist";9;"";70;NA;NA;"0.0";"0.0";0;0;0;0;FALSE;0;"4.1";"0.0";0;0;0;0;0;0;0;0;0;0;"0.0";NA;"0.0";FALSE;0;0;0;0;0;0;0;0;0;0;0;3;15;2017-03-25
360;"247417.jpg";"Dønnum";311;"a";247417;"Aron";"Dønnum";26;"";45;NA;NA;"0.0";"0.0";0;0;0;0;FALSE;0;"0.4";"0.0";0;0;0;0;0;0;0;0;0;0;"0.0";NA;"0.0";FALSE;0;0;0;0;0;0;0;0;0;0;0;3;15;2017-03-25
361;"224094.jpg";"Jukleröd";311;"a";224094;"Simen";"Jukleröd";21;"";65;NA;NA;"0.0";"0.0";0;0;0;0;FALSE;0;"2.3";"0.0";0;0;0;0;0;0;0;0;0;0;"0.0";NA;"0.0";FALSE;0;0;0;0;0;0;0;0;0;0;0;3;15;2017-03-25
362;"224141.jpg";"Castro";311;"a";224141;"Niklas";"Castro";17;"";50;NA;NA;"0.0";"0.0";0;0;0;0;FALSE;0;"0.5";"0.0";0;0;0;0;0;0;0;0;0;0;"0.0";NA;"0.0";FALSE;0;0;0;0;0;0;0;0;0;0;0;3;15;2017-03-25
363;"233941.jpg";"Grødem";311;"a";233941;"Magnus";"Retsius Grødem";29;"";55;NA;NA;"0.0";"0.0";0;0;0;0;FALSE;0;"0.5";"0.0";0;0;0;0;0;0;0;0;0;0;"0.0";NA;"0.0";FALSE;0;0;0;0;0;0;0;0;0;0;0;3;15;2017-03-25
364;"245748.jpg";"Myhre";311;"i";245748;"Felix";"Horn Myhre";23;"Ryggskade";45;NA;NA;"0.0";"0.0";0;0;0;0;FALSE;0;"0.9";"0.0";0;0;0;0;0;0;0;0;0;0;"0.0";NA;"0.0";FALSE;0;0;0;0;0;0;0;0;0;0;0;3;15;2017-03-25
365;"56003.jpg";"Abdellaoue";311;"a";56003;"Mohammed";"Abdellaoue";25;"";95;NA;NA;"0.0";"0.0";0;0;0;0;FALSE;0;"18.9";"0.0";0;0;0;0;0;0;0;0;0;0;"0.0";NA;"3.0";FALSE;0;0;0;0;0;0;0;0;0;0;0;4;15;2017-03-25
366;"106302.jpg";"Johansen";311;"a";106302;"Henrik";"Kjelsrud Johansen";20;"";65;NA;NA;"0.0";"0.0";0;0;0;0;FALSE;0;"0.6";"0.0";0;0;0;0;0;0;0;0;0;0;"0.0";NA;"2.0";FALSE;0;0;0;0;0;0;0;0;0;0;0;4;15;2017-03-25
367;"233940.jpg";"Elsebutangen";311;"a";233940;"Thomas";"Elsebutangen";28;"";45;NA;NA;"0.0";"0.0";0;0;0;0;FALSE;0;"0.8";"0.0";0;0;0;0;0;0;0;0;0;0;"0.0";NA;"1.0";FALSE;0;0;0;0;0;0;0;0;0;0;0;4;15;2017-03-25
368;"95524.jpg";"Finne";311;"a";95524;"Bård";"Finne";11;"";90;NA;NA;"0.0";"0.0";0;0;0;0;FALSE;0;"8.4";"0.0";0;0;0;0;0;0;0;0;0;0;"0.0";NA;"3.0";FALSE;0;0;0;0;0;0;0;0;0;0;0;4;15;2017-03-25
369;"27769.jpg";"Austbø";312;"a";27769;"Iven";"Austbø";1;"";50;NA;NA;"0.0";"0.0";0;0;0;0;FALSE;0;"5.7";"0.0";0;0;0;0;0;0;0;0;0;0;"0.0";NA;"3.0";FALSE;0;0;0;0;0;0;0;0;0;0;0;1;16;2017-03-25
370;"207858.jpg";"Wichne";312;"a";207858;"Amund";"Wichne";15;"";45;NA;NA;"0.0";"0.0";0;0;0;0;FALSE;0;"0.2";"0.0";0;0;0;0;0;0;0;0;0;0;"0.0";NA;"2.0";FALSE;0;0;0;0;0;0;0;0;0;0;0;1;16;2017-03-25
371;"77244.jpg";"Mets";312;"a";77244;"Karol";"Mets";6;"";55;NA;NA;"0.0";"0.0";0;0;0;0;FALSE;0;"2.1";"0.0";0;0;0;0;0;0;0;0;0;0;"0.0";NA;"3.0";FALSE;0;0;0;0;0;0;0;0;0;0;0;2;16;2017-03-25
372;"103767.jpg";"Kronberg";312;"a";103767;"Claes";"Phillip Kronberg";22;"";50;NA;NA;"0.0";"0.0";0;0;0;0;FALSE;0;"1.5";"0.0";0;0;0;0;0;0;0;0;0;0;"0.0";NA;"2.0";FALSE;0;0;0;0;0;0;0;0;0;0;0;2;16;2017-03-25
373;"182170.jpg";"Martinsen";312;"a";182170;"Rasmus";"Martinsen";2;"";50;NA;NA;"0.0";"0.0";0;0;0;0;FALSE;0;"0.6";"0.0";0;0;0;0;0;0;0;0;0;0;"0.0";NA;"2.0";FALSE;0;0;0;0;0;0;0;0;0;0;0;2;16;2017-03-25
374;"213783.jpg";"Ryerson";312;"a";213783;"Julian";"Ryerson";18;"";45;NA;NA;"0.0";"0.0";0;0;0;0;FALSE;0;"8.0";"0.0";0;0;0;0;0;0;0;0;0;0;"0.0";NA;"2.0";FALSE;0;0;0;0;0;0;0;0;0;0;0;2;16;2017-03-25
375;"221235.jpg";"Steen";312;"a";221235;"Erik";"Steen";26;"";40;NA;NA;"0.0";"0.0";0;0;0;0;FALSE;0;"2.3";"0.0";0;0;0;0;0;0;0;0;0;0;"0.0";NA;"1.0";FALSE;0;0;0;0;0;0;0;0;0;0;0;2;16;2017-03-25
376;"116138.jpg";"Haugen";312;"a";116138;"Kristoffer";"Haugen";28;"";55;NA;NA;"0.0";"0.0";0;0;0;0;FALSE;0;"2.7";"0.0";0;0;0;0;0;0;0;0;0;0;"0.0";NA;"3.0";FALSE;0;0;0;0;0;0;0;0;0;0;0;2;16;2017-03-25
377;"62064.jpg";"Danielsen";312;"a";62064;"Andre";"Danielsen";14;"";65;NA;NA;"0.0";"0.0";0;0;0;0;FALSE;0;"2.5";"0.0";0;0;0;0;0;0;0;0;0;0;"0.0";NA;"0.0";FALSE;0;0;0;0;0;0;0;0;0;0;0;3;16;2017-03-25
378;"66756.jpg";"Ernemann";312;"a";66756;"Steffen";"Ernemann";NA;"";55;NA;NA;"0.0";"0.0";0;0;0;0;FALSE;0;"1.9";"0.0";0;0;0;0;0;0;0;0;0;0;"0.0";NA;"0.0";FALSE;0;0;0;0;0;0;0;0;0;0;0;3;16;2017-03-25
379;"80506.jpg";"Ibrahim";312;"a";80506;"Abdisalam";"Ibrahim";16;"";60;NA;NA;"0.0";"0.0";0;0;0;0;FALSE;0;"2.1";"0.0";0;0;0;0;0;0;0;0;0;0;"0.0";NA;"0.0";FALSE;0;0;0;0;0;0;0;0;0;0;0;3;16;2017-03-25
380;"111801.jpg";"Haukas";312;"a";111801;"Michael";"Haukas";19;"";50;NA;NA;"0.0";"0.0";0;0;0;0;FALSE;0;"0.4";"0.0";0;0;0;0;0;0;0;0;0;0;"0.0";NA;"0.0";FALSE;0;0;0;0;0;0;0;0;0;0;0;3;16;2017-03-25
381;"111835.jpg";"Bytyqi";312;"a";111835;"Zymer";"Bytyqi";11;"";60;NA;NA;"0.0";"0.0";0;0;0;0;FALSE;0;"1.4";"0.0";0;0;0;0;0;0;0;0;0;0;"0.0";NA;"0.0";FALSE;0;0;0;0;0;0;0;0;0;0;0;3;16;2017-03-25
382;"158560.jpg";"Skimmeland";312;"a";158560;"Tor";"Andre Skimmeland";20;"";50;NA;NA;"0.0";"0.0";0;0;0;0;FALSE;0;"0.2";"0.0";0;0;0;0;0;0;0;0;0;0;"0.0";NA;"0.0";FALSE;0;0;0;0;0;0;0;0;0;0;0;3;16;2017-03-25
383;"206044.jpg";"Adegbenro";312;"a";206044;"Samuel";"Adegbenro";7;"";75;NA;NA;"0.0";"0.0";0;0;0;0;FALSE;0;"15.6";"0.0";0;0;0;0;0;0;0;0;0;0;"0.0";NA;"0.0";FALSE;0;0;0;0;0;0;0;0;0;0;0;3;16;2017-03-25
384;"213784.jpg";"Kleppa";312;"a";213784;"Herman";"Kleppa";21;"";45;NA;NA;"0.0";"0.0";0;0;0;0;FALSE;0;"1.3";"0.0";0;0;0;0;0;0;0;0;0;0;"0.0";NA;"0.0";FALSE;0;0;0;0;0;0;0;0;0;0;0;3;16;2017-03-25
385;"221236.jpg";"Michalsen";312;"a";221236;"Stian";"Michalsen";30;"";55;NA;NA;"0.0";"0.0";0;0;0;0;FALSE;0;"0.8";"0.0";0;0;0;0;0;0;0;0;0;0;"0.0";NA;"0.0";FALSE;0;0;0;0;0;0;0;0;0;0;0;3;16;2017-03-25
386;"224092.jpg";"Sale";312;"a";224092;"Usman";"Sale";25;"";55;NA;NA;"0.0";"0.0";0;0;0;0;FALSE;0;"0.1";"0.0";0;0;0;0;0;0;0;0;0;0;"0.0";NA;"0.0";FALSE;0;0;0;0;0;0;0;0;0;0;0;3;16;2017-03-25
387;"168428.jpg";"Pedersen";312;"a";168428;"Patrick";"Pedersen";9;"";65;NA;NA;"0.0";"0.0";0;0;0;0;FALSE;0;"1.0";"0.0";0;0;0;0;0;0;0;0;0;0;"0.0";NA;"2.0";FALSE;0;0;0;0;0;0;0;0;0;0;0;4;16;2017-03-25
388;"221237.jpg";"Bringaker";312;"a";221237;"Mathias";"Bringaker";27;"";55;NA;NA;"0.0";"0.0";0;0;0;0;FALSE;0;"1.7";"0.0";0;0;0;0;0;0;0;0;0;0;"0.0";NA;"2.0";FALSE;0;0;0;0;0;0;0;0;0;0;0;4;16;2017-03-25
389;"224091.jpg";"Udo";312;"a";224091;"Aniekpeno";"Udo";17;"";50;NA;NA;"0.0";"0.0";0;0;0;0;FALSE;0;"0.8";"0.0";0;0;0;0;0;0;0;0;0;0;"0.0";NA;"1.0";FALSE;0;0;0;0;0;0;0;0;0;0;0;4;16;2017-03-25
390;"154559.jpg";"Ledger";312;"a";154559;"Michael";"Ledger";NA;"";50;NA;NA;"0.0";"0.0";0;0;0;0;FALSE;0;"0.5";"0.0";0;0;0;0;0;0;0;0;0;0;"0.0";NA;"2.0";FALSE;0;0;0;0;0;0;0;0;0;0;0;2;16;2017-03-25
391;"58276.jpg";"Appiah";312;"a";58276;"Kwesi";"Appiah";NA;"";70;NA;NA;"0.0";"0.0";0;0;0;0;FALSE;0;"3.0";"0.0";0;0;0;0;0;0;0;0;0;0;"0.0";NA;"2.0";FALSE;0;0;0;0;0;0;0;0;0;0;0;4;16;2017-03-25
392;"224096.jpg";"Tafjord";2745;"a";224096;"Sigurd";"Tafjord";39;"";40;NA;NA;"0.0";"0.0";0;0;0;0;FALSE;0;"0.1";"0.0";0;0;0;0;0;0;0;0;0;0;"0.0";NA;"1.0";FALSE;0;0;0;0;0;0;0;0;0;0;0;2;1;2017-03-25
393;"227283.jpg";"Ari Jonsson";303;"a";227283;"Vidar";"Ari Jonsson";6;"";55;NA;NA;"0.0";"0.0";0;0;0;0;FALSE;0;"0.2";"0.0";0;0;0;0;0;0;0;0;0;0;"0.0";NA;"3.0";FALSE;0;0;0;0;0;0;0;0;0;0;0;2;2;2017-03-25
394;"66855.jpg";"Soares";3376;"a";66855;"Bruno";"Soares";NA;"";50;NA;NA;"0.0";"0.0";0;0;0;0;FALSE;0;"0.1";"0.0";0;0;0;0;0;0;0;0;0;0;"0.0";NA;"2.0";FALSE;0;0;0;0;0;0;0;0;0;0;0;2;3;2017-03-25
395;"95686.jpg";"Haraldseid";3376;"a";95686;"Kristoffer";"Haraldseid";19;"";50;NA;NA;"0.0";"0.0";0;0;0;0;FALSE;0;"0.4";"0.0";0;0;0;0;0;0;0;0;0;0;"0.0";NA;"2.0";FALSE;0;0;0;0;0;0;0;0;0;0;0;2;3;2017-03-25
396;"191865.jpg";"Bjørkkjær";3376;"a";191865;"Sverre";"Bjørkkjær";26;"";45;NA;NA;"0.0";"0.0";0;0;0;0;FALSE;0;"0.0";"0.0";0;0;0;0;0;0;0;0;0;0;"0.0";NA;"2.0";FALSE;0;0;0;0;0;0;0;0;0;0;0;2;3;2017-03-25
397;"223085.jpg";"Sandberg";305;"a";223085;"Erik Tobias";"Sandberg";24;"";40;NA;NA;"0.0";"0.0";0;0;0;0;FALSE;0;"0.2";"0.0";0;0;0;0;0;0;0;0;0;0;"0.0";NA;"1.0";FALSE;0;0;0;0;0;0;0;0;0;0;0;2;5;2017-03-25
398;"76126.jpg";"Udoji";305;"a";76126;"Chigozie";"Udoji";NA;"";60;NA;NA;"0.0";"0.0";0;0;0;0;FALSE;0;"0.3";"0.0";0;0;0;0;0;0;0;0;0;0;"0.0";NA;"0.0";FALSE;0;0;0;0;0;0;0;0;0;0;0;3;5;2017-03-25
399;"206922.jpg";"Bredeli";2364;"a";206922;"Henrik";"Bredeli";18;"";40;NA;NA;"0.0";"0.0";0;0;0;0;FALSE;0;"0.0";"0.0";0;0;0;0;0;0;0;0;0;0;"0.0";NA;"1.0";FALSE;0;0;0;0;0;0;0;0;0;0;0;2;13;2017-03-25
400;"250437.jpg";"Ejuke";311;"a";250437;"Chidera";"Ejuke";NA;"";55;NA;NA;"0.0";"0.0";0;0;0;0;FALSE;0;"0.0";"0.0";0;0;0;0;0;0;0;0;0;0;"0.0";NA;"0.0";FALSE;0;0;0;0;0;0;0;0;0;0;0;3;15;2017-03-25
401;"223098.jpg";"Larsen";307;"a";223098;"Marius";"Larsen";NA;"";50;NA;NA;"0.0";"0.0";0;0;0;0;FALSE;0;"0.0";"0.0";0;0;0;0;0;0;0;0;0;0;"0.0";NA;"1.0";FALSE;0;0;0;0;0;0;0;0;0;0;0;4;7;2017-03-25
402;"131291.jpg";"Aase";310;"a";131291;"Peter";"Aase";NA;"";45;NA;NA;"0.0";"0.0";0;0;0;0;FALSE;0;"0.0";"0.0";0;0;0;0;0;0;0;0;0;0;"0.0";NA;"0.0";FALSE;0;0;0;0;0;0;0;0;0;0;0;3;14;2017-03-25
