"id";"photo";"web_name";"team_code";"status";"code";"first_name";"second_name";"squad_number";"news";"now_cost";"chance_of_playing_this_round";"chance_of_playing_next_round";"value_form";"value_season";"cost_change_start";"cost_change_event";"cost_change_start_fall";"cost_change_event_fall";"in_dreamteam";"dreamteam_count";"selected_by_percent";"form";"transfers_out";"transfers_in";"transfers_out_event";"transfers_in_event";"loans_in";"loans_out";"loaned_in";"loaned_out";"total_points";"event_points";"points_per_game";"ep_this";"ep_next";"special";"minutes";"goals_scored";"assists";"clean_sheets";"goals_conceded";"penalties_saved";"penalties_missed";"yellow_cards";"red_cards";"saves";"bonus";"own_goals";"element_type";"team";"dato"
1;"62022.jpg";"Lie";2745;"a";62022;"Andreas";"Lie";1;"";45;NA;NA;"0.6";"1.1";0;0;0;0;FALSE;0;"5.5";"2.5";156;310;66;58;0;0;0;0;5;2;"2.5";"3.0";"3.0";FALSE;180;0;0;0;6;0;0;0;0;10;0;0;1;1;2017-04-07
2;"124186.jpg";"Vestly Heigre";2745;"a";124186;"Pål";"Vestly Heigre";23;"";45;NA;NA;"0.0";"0.0";0;0;0;0;FALSE;0;"0.6";"0.0";34;4;9;1;0;0;0;0;0;0;"0.0";"0.0";"0.0";FALSE;0;0;0;0;0;0;0;0;0;0;0;0;1;1;2017-04-07
3;"218658.jpg";"Sødergren";2745;"a";218658;"Sondre";"Sødergren";32;"";40;NA;NA;"0.0";"0.0";0;0;0;0;FALSE;0;"3.7";"0.0";82;27;28;6;0;0;0;0;0;0;"0.0";"0.0";"0.0";FALSE;0;0;0;0;0;0;0;0;0;0;0;0;1;1;2017-04-07
4;"52335.jpg";"Ramsteijn";2745;"a";52335;"Kaj";"Ramsteijn";6;"";50;NA;NA;"0.2";"0.4";0;0;0;0;FALSE;0;"1.6";"1.0";111;12;43;0;0;0;0;0;2;1;"1.0";"1.0";"1.0";FALSE;180;0;0;0;6;0;0;0;0;0;0;0;2;1;2017-04-07
5;"64033.jpg";"Lie";2745;"a";64033;"Oddbjørn";"Lie";5;"";45;NA;NA;"0.1";"0.2";0;0;0;0;FALSE;0;"2.0";"0.5";143;17;59;7;0;0;0;0;1;1;"0.5";"1.0";"1.0";FALSE;180;0;0;0;6;0;0;1;0;0;0;0;2;1;2017-04-07
6;"79464.jpg";"Kirkeskov";2745;"a";79464;"Mikkel";"Kirkeskov";2;"";55;NA;NA;"0.2";"0.4";0;0;0;0;FALSE;0;"2.8";"1.0";257;20;110;2;0;0;0;0;2;1;"1.0";"1.0";"1.0";FALSE;180;0;0;0;6;0;0;0;0;0;0;0;2;1;2017-04-07
7;"98652.jpg";"Mäntylä";2745;"a";98652;"Tero";"Mäntylä";4;"";45;NA;NA;"0.0";"0.0";0;0;0;0;FALSE;0;"0.5";"0.0";53;2;19;0;0;0;0;0;0;0;"0.0";"0.0";"0.0";FALSE;0;0;0;0;0;0;0;0;0;0;0;0;2;1;2017-04-07
8;"115929.jpg";"Arnarson";2745;"a";115929;"Adam";"Arnarson";22;"";45;NA;NA;"0.0";"0.0";0;0;0;0;FALSE;0;"1.2";"0.0";106;3;44;1;0;0;0;0;0;0;"0.0";"0.0";"0.0";FALSE;117;0;0;0;5;0;0;1;0;0;0;0;2;1;2017-04-07
9;"115978.jpg";"Grétarsson";2745;"a";115978;"Daníel";"Grétarsson";3;"";50;NA;NA;"0.0";"0.0";0;0;0;0;FALSE;0;"0.8";"0.0";114;3;43;0;0;0;0;0;0;0;"0.0";"0.0";"0.0";FALSE;45;0;0;0;2;0;0;0;0;0;0;0;2;1;2017-04-07
10;"206921.jpg";"Barstad";2745;"a";206921;"Joakim";"Barstad";37;"";40;NA;NA;"0.0";"0.0";0;0;0;0;FALSE;0;"4.0";"0.0";249;30;98;11;0;0;0;0;0;0;"0.0";"0.0";"0.0";FALSE;0;0;0;0;0;0;0;0;0;0;0;0;2;1;2017-04-07
11;"218660.jpg";"Valderhaug";2745;"a";218660;"Lars";"Valderhaug";35;"";40;NA;NA;"0.0";"0.0";0;0;0;0;FALSE;0;"1.2";"0.0";58;6;23;1;0;0;0;0;0;0;"0.0";"0.0";"0.0";FALSE;0;0;0;0;0;0;0;0;0;0;0;0;2;1;2017-04-07
12;"37417.jpg";"Riise";2745;"a";37417;"Bjørn Helge";"Riise";21;"";60;NA;NA;"0.3";"0.7";0;0;0;0;FALSE;0;"6.5";"2.0";474;81;244;10;0;0;0;0;4;2;"2.0";"2.0";"2.0";FALSE;150;0;0;0;6;0;0;0;0;0;0;0;3;1;2017-04-07
13;"62026.jpg";"Carlsen";2745;"a";62026;"Fredrik";"Carlsen";8;"";50;NA;NA;"0.9";"1.8";0;0;0;0;FALSE;0;"2.3";"4.5";73;434;30;367;0;0;0;0;9;7;"4.5";"5.0";"5.0";FALSE;180;1;0;0;6;0;0;0;0;0;0;0;3;1;2017-04-07
14;"87337.jpg";"Gyasi";2745;"a";87337;"Edwin";"Gyasi";14;"";75;NA;NA;"0.4";"0.8";0;0;0;0;FALSE;0;"5.3";"3.0";353;34;112;12;0;0;0;0;6;5;"3.0";"3.0";"3.0";FALSE;148;0;1;0;6;0;0;0;0;0;0;0;3;1;2017-04-07
15;"97533.jpg";"Thrandarson";2745;"a";97533;"Aron Elís";"Thrandarson";11;"";65;NA;NA;"0.2";"0.5";0;0;0;0;FALSE;0;"1.2";"1.5";94;19;53;2;0;0;0;0;3;1;"1.5";"2.0";"2.0";FALSE;148;0;0;0;6;0;0;0;0;0;0;0;3;1;2017-04-07
16;"169515.jpg";"Hoff";2745;"a";169515;"Vebjørn";"Hoff";18;"";50;NA;NA;"0.2";"0.4";0;0;0;0;FALSE;0;"0.6";"1.0";37;13;16;3;0;0;0;0;2;1;"1.0";"1.0";"1.0";FALSE;93;0;0;0;1;0;0;1;0;0;0;0;3;1;2017-04-07
17;"194769.jpg";"Brunstad Fet";2745;"a";194769;"Sondre";"Brunstad Fet";17;"";50;NA;NA;"0.1";"0.2";0;0;0;0;FALSE;0;"0.3";"0.5";23;5;8;2;0;0;0;0;1;1;"1.0";"1.0";"1.0";FALSE;58;0;0;0;3;0;0;0;0;0;0;0;3;1;2017-04-07
18;"204273.jpg";"Marlinho";2745;"a";204273;"Marlon Matheus";"da Silva";15;"";55;NA;NA;"0.0";"0.0";0;0;0;0;FALSE;0;"0.6";"0.0";68;6;20;2;0;0;0;0;0;0;"0.0";"0.0";"0.0";FALSE;0;0;0;0;0;0;0;0;0;0;0;0;3;1;2017-04-07
19;"207864.jpg";"Hatlehol";2745;"a";207864;"Jørgen";"Hatlehol";38;"";45;NA;NA;"0.0";"0.0";0;0;0;0;FALSE;0;"0.7";"0.0";40;9;16;1;0;0;0;0;0;0;"0.0";"0.0";"0.0";FALSE;0;0;0;0;0;0;0;0;0;0;0;0;3;1;2017-04-07
20;"223090.jpg";"Waagan";2745;"a";223090;"Anders";"Waagan";NA;"";45;NA;NA;"0.0";"0.0";0;0;0;0;FALSE;0;"0.7";"0.0";51;7;25;2;0;0;0;0;0;0;"0.0";"0.0";"0.0";FALSE;0;0;0;0;0;0;0;0;0;0;0;0;3;1;2017-04-07
21;"224095.jpg";"Solnørdal";2745;"a";224095;"Emil";"Solnørdal";36;"";45;NA;NA;"0.0";"0.0";0;0;0;0;FALSE;0;"0.2";"0.0";17;4;5;1;0;0;0;0;0;0;"0.0";"0.0";"0.0";FALSE;0;0;0;0;0;0;0;0;0;0;0;0;3;1;2017-04-07
22;"61965.jpg";"Mos";2745;"a";61965;"Mostafa";"Abdellaoue";30;"";85;NA;NA;"0.5";"0.9";0;0;0;0;FALSE;0;"11.0";"4.0";967;379;628;29;0;0;0;0;8;2;"4.0";"4.0";"4.0";FALSE;180;1;0;0;6;0;0;0;0;0;0;0;4;1;2017-04-07
23;"219005.jpg";"Andreassen";2745;"a";219005;"Sebastian";"Andreassen";31;"";50;NA;NA;"0.0";"0.0";0;0;0;0;FALSE;0;"0.3";"0.0";27;4;12;3;0;0;0;0;0;0;"0.0";"0.0";"0.0";FALSE;0;0;0;0;0;0;0;0;0;0;0;0;4;1;2017-04-07
24;"173531.jpg";"Berisha";2745;"a";173531;"Valmir";"Berisha";9;"";60;NA;NA;"0.4";"0.8";0;0;0;0;FALSE;0;"3.4";"2.5";426;113;217;20;0;0;0;0;5;1;"2.5";"3.0";"3.0";FALSE;77;0;1;0;1;0;0;0;0;0;0;0;4;1;2017-04-07
25;"88460.jpg";"Horwath";303;"a";88460;"Alex";"Horwath";1;"";50;NA;NA;"0.0";"0.0";0;0;0;0;FALSE;0;"1.1";"0.0";101;6;33;3;0;0;0;0;0;0;"0.0";"0.0";"0.0";FALSE;0;0;0;0;0;0;0;0;0;0;0;0;1;2;2017-04-07
26;"95516.jpg";"Leciejewski";303;"a";95516;"Piotr";"Leciejewski";24;"";55;NA;NA;"0.7";"1.5";0;0;0;0;FALSE;0;"23.4";"4.0";416;423;103;252;0;0;0;0;8;6;"4.0";"4.0";"4.0";FALSE;180;0;0;1;1;0;0;0;0;2;0;0;1;2;2017-04-07
27;"224198.jpg";"Pettersen";303;"a";224198;"Markus";"Pettersen";12;"";45;NA;NA;"0.0";"0.0";0;0;0;0;FALSE;0;"0.3";"0.0";15;3;3;0;0;0;0;0;0;0;"0.0";"0.0";"0.0";FALSE;0;0;0;0;0;0;0;0;0;0;0;0;1;2;2017-04-07
28;"56578.jpg";"Wormgoor";303;"a";56578;"Vito";"Wormgoor";3;"";55;NA;NA;"0.5";"0.9";0;0;0;0;FALSE;0;"7.9";"2.5";609;120;104;82;0;0;0;0;5;5;"5.0";"3.0";"3.0";FALSE;80;0;0;1;0;0;0;1;0;0;0;0;2;2;2017-04-07
29;"61968.jpg";"Nouri";303;"a";61968;"Amin";"Nouri";33;"";55;NA;NA;"0.7";"1.5";0;0;0;0;FALSE;0;"6.5";"4.0";204;180;55;96;0;0;0;0;8;6;"4.0";"4.0";"4.0";FALSE;180;0;0;1;1;0;0;0;0;0;0;0;2;2;2017-04-07
30;"106319.jpg";"Grønner";303;"a";106319;"Jonas";"Grønner";5;"";50;NA;NA;"0.2";"0.4";0;0;0;0;FALSE;0;"7.2";"1.0";400;91;215;19;0;0;0;0;2;1;"1.0";"1.0";"1.0";FALSE;100;0;0;0;1;0;0;1;0;0;0;0;2;2;2017-04-07
31;"111851.jpg";"Kristiansen";303;"a";111851;"Ruben";"Kristiansen";21;"";55;NA;NA;"0.7";"1.5";0;0;0;0;FALSE;0;"4.8";"4.0";149;100;41;57;0;0;0;0;8;6;"4.0";"4.0";"4.0";FALSE;180;0;0;1;1;0;0;0;0;0;0;0;2;2;2017-04-07
32;"114686.jpg";"Hatakka";303;"u";114686;"Dani";"Hatakka";26;"Utilgjengelig";45;0;0;"0.0";"0.0";0;0;0;0;FALSE;0;"0.5";"0.0";119;1;45;0;0;0;0;0;0;0;"0.0";"0.0";"0.0";FALSE;0;0;0;0;0;0;0;0;0;0;0;0;2;2;2017-04-07
33;"116607.jpg";"Ròlantsson";303;"a";116607;"Gilli";"Sørensen";17;"";60;NA;NA;"1.3";"2.5";0;0;0;0;TRUE;1;"7.9";"7.5";85;1205;42;637;0;0;0;0;15;6;"7.5";"8.0";"8.0";FALSE;177;0;1;2;0;0;0;0;0;0;0;0;2;2;2017-04-07
34;"156592.jpg";"Acosta";303;"a";156592;"Bismar";"Acosta";15;"";60;NA;NA;"0.6";"1.2";0;0;0;0;FALSE;0;"12.2";"3.5";477;98;112;45;0;0;0;0;7;6;"3.5";"4.0";"4.0";FALSE;180;0;0;1;1;0;0;1;0;0;0;0;2;2;2017-04-07
35;"18668.jpg";"Braaten";303;"a";18668;"Daniel";"Braaten";25;"";65;NA;NA;"0.4";"0.8";0;0;0;0;FALSE;0;"7.0";"2.5";352;717;255;65;0;0;0;0;5;0;"5.0";"3.0";"3.0";FALSE;90;0;0;0;1;0;0;0;0;0;3;0;3;2;2017-04-07
36;"62025.jpg";"Larsen";303;"a";62025;"Peter Orry";"Larsen";7;"";75;NA;NA;"0.0";"0.0";0;0;0;0;FALSE;0;"1.9";"0.0";283;6;86;3;0;0;0;0;0;0;"0.0";"0.0";"0.0";FALSE;0;0;0;0;0;0;0;0;0;0;0;0;3;2;2017-04-07
37;"95525.jpg";"Haugen";303;"a";95525;"Fredrik";"Haugen";8;"";90;NA;NA;"0.7";"1.3";0;0;0;0;FALSE;0;"8.2";"6.0";279;340;57;228;0;0;0;0;12;9;"6.0";"6.0";"6.0";FALSE;166;0;1;2;0;0;0;0;0;0;3;0;3;2;2017-04-07
38;"95528.jpg";"Barmen";303;"a";95528;"Kristoffer";"Barmen";29;"";65;NA;NA;"0.8";"1.5";0;0;0;0;FALSE;0;"6.1";"5.0";178;636;42;543;0;0;0;0;10;8;"5.0";"5.0";"5.0";FALSE;180;1;0;1;1;0;0;0;0;0;0;0;3;2;2017-04-07
39;"102678.jpg";"Vega";303;"a";102678;"Deyver";"Vega";19;"";70;NA;NA;"0.1";"0.3";0;0;0;0;FALSE;0;"4.2";"1.0";542;20;112;9;0;0;0;0;2;2;"2.0";"1.0";"1.0";FALSE;63;0;0;1;0;0;0;1;0;0;0;0;3;2;2017-04-07
40;"115102.jpg";"Skaanes";303;"a";115102;"Kasper";"Skaanes";9;"";55;NA;NA;"0.1";"0.2";0;0;0;0;FALSE;0;"1.5";"0.5";171;14;80;4;0;0;0;0;1;0;"1.0";"1.0";"1.0";FALSE;14;0;0;0;1;0;0;0;0;0;0;0;3;2;2017-04-07
41;"126317.jpg";"Heltne Nilsen";303;"a";126317;"Sivert";"Heltne Nilsen";23;"";55;NA;NA;"0.5";"1.1";0;0;0;0;FALSE;0;"4.5";"3.0";160;257;59;115;0;0;0;0;6;4;"3.0";"3.0";"3.0";FALSE;180;0;0;1;1;0;0;0;0;0;1;0;3;2;2017-04-07
42;"223091.jpg";"Stenevik";303;"a";223091;"Halldor";"Stenevik";20;"";45;NA;NA;"0.0";"0.0";0;0;0;0;FALSE;0;"1.3";"0.0";93;18;32;6;0;0;0;0;0;0;"0.0";"0.0";"0.0";FALSE;0;0;0;0;0;0;0;0;0;0;0;0;3;2;2017-04-07
43;"14575.jpg";"Karadas";303;"a";14575;"Azar";"Karadas";18;"";60;NA;NA;"0.0";"0.0";0;0;0;0;FALSE;0;"1.2";"0.0";216;19;79;4;0;0;0;0;0;0;"0.0";"0.0";"0.0";FALSE;0;0;0;0;0;0;0;0;0;0;0;0;4;2;2017-04-07
44;"66534.jpg";"Orlov";303;"a";66534;"Jakob";"Orlov";10;"";75;NA;NA;"1.1";"2.1";0;0;0;0;FALSE;0;"5.9";"8.0";142;846;52;604;0;0;0;0;16;10;"8.0";"8.0";"8.0";FALSE;103;2;1;1;0;0;0;0;0;0;2;0;4;2;2017-04-07
45;"221232.jpg";"Skålevik";303;"a";221232;"Steffen";"Skålevik";11;"";69;NA;NA;"0.1";"0.3";-1;-1;1;1;FALSE;0;"1.0";"1.0";199;20;57;5;0;0;0;0;2;1;"1.0";"1.0";"1.0";FALSE;30;0;0;0;1;0;0;0;0;0;0;0;4;2;2017-04-07
46;"62015.jpg";"Børven";303;"a";62015;"Torgeir";"Børven";22;"";89;NA;NA;"0.3";"0.7";-1;-1;1;1;FALSE;0;"6.0";"3.0";1111;72;245;35;0;0;0;0;6;5;"3.0";"3.0";"3.0";FALSE;77;0;1;1;1;0;0;0;0;0;0;0;4;2;2017-04-07
47;"108130.jpg";"Sandvik";3376;"a";108130;"Helge";"Sandvik";12;"";45;NA;NA;"0.0";"0.0";0;0;0;0;FALSE;0;"0.4";"0.0";18;3;6;0;0;0;0;0;0;0;"0.0";"0.0";"0.0";FALSE;0;0;0;0;0;0;0;0;0;0;0;0;1;3;2017-04-07
48;"124132.jpg";"Bråtveit";3376;"a";124132;"Per Kristian";"Bråtveit";1;"";50;NA;NA;"0.3";"0.6";0;0;0;0;FALSE;0;"2.6";"1.5";107;31;41;12;0;0;0;0;3;2;"1.5";"2.0";"2.0";FALSE;180;0;0;0;6;0;0;0;0;6;0;0;1;3;2017-04-07
49;"209224.jpg";"Børreson Fossdal";3376;"a";209224;"Herman";"Børreson Fossdal";24;"";40;NA;NA;"0.0";"0.0";0;0;0;0;FALSE;0;"0.9";"0.0";22;17;5;7;0;0;0;0;0;0;"0.0";"0.0";"0.0";FALSE;0;0;0;0;0;0;0;0;0;0;0;0;1;3;2017-04-07
50;"63878.jpg";"Skjerve";3376;"a";63878;"Vegard";"Skjerve";18;"";50;NA;NA;"0.0";"0.0";0;0;0;0;FALSE;0;"2.7";"0.0";140;26;68;8;0;0;0;0;0;-1;"0.0";"0.0";"0.0";FALSE;180;0;0;0;6;0;0;0;0;0;0;1;2;3;2017-04-07
51;"81786.jpg";"Andreassen";3376;"a";81786;"Tor Arne";"Andreassen";11;"";50;NA;NA;"0.1";"0.2";0;0;0;0;FALSE;0;"0.7";"0.5";41;5;16;2;0;0;0;0;1;1;"0.5";"1.0";"1.0";FALSE;180;0;0;0;6;0;0;1;0;0;0;0;2;3;2017-04-07
52;"179304.jpg";"Stølås";3376;"a";179304;"Alexander";"Stølås";22;"";55;NA;NA;"0.2";"0.4";0;0;0;0;FALSE;0;"4.4";"1.0";307;14;138;2;0;0;0;0;2;1;"1.0";"1.0";"1.0";FALSE;180;0;0;0;6;0;0;0;0;0;0;0;2;3;2017-04-07
53;"224083.jpg";"Izuchukwu";3376;"i";224083;"Anthony";"Izuchukwu";15;"Korsbånd - Over sommeren";45;NA;NA;"0.0";"0.0";0;0;0;0;FALSE;0;"0.7";"0.0";149;5;89;1;0;0;0;0;0;0;"0.0";"0.0";"0.0";FALSE;0;0;0;0;0;0;0;0;0;0;0;0;2;3;2017-04-07
54;"245578.jpg";"Knudsen";3376;"a";245578;"Fredrik";"Knudsen";4;"";50;NA;NA;"0.0";"0.0";0;0;0;0;FALSE;0;"0.7";"0.0";56;4;28;1;0;0;0;0;0;0;"0.0";"0.0";"0.0";FALSE;0;0;0;0;0;0;0;0;0;0;0;0;2;3;2017-04-07
55;"48513.jpg";"Huseklepp";3376;"a";48513;"Erik";"Huseklepp";10;"";85;NA;NA;"0.4";"0.8";0;0;0;0;FALSE;0;"10.0";"3.5";468;125;172;51;0;0;0;0;7;5;"3.5";"4.0";"4.0";FALSE;180;0;1;0;6;0;0;0;0;0;0;0;3;3;2017-04-07
56;"67242.jpg";"Kiss";3376;"a";67242;"Filip";"Kiss";6;"";80;NA;NA;"0.2";"0.4";0;0;0;0;FALSE;0;"2.1";"1.5";154;20;64;7;0;0;0;0;3;2;"1.5";"2.0";"2.0";FALSE;180;0;0;0;6;0;0;1;0;0;0;0;3;3;2017-04-07
57;"81788.jpg";"Mæland";3376;"a";81788;"Eirik";"Mæland";13;"";50;NA;NA;"0.3";"0.6";0;0;0;0;FALSE;0;"0.8";"1.5";95;23;27;16;0;0;0;0;3;3;"3.0";"2.0";"2.0";FALSE;80;0;0;0;3;0;0;0;0;0;1;0;3;3;2017-04-07
58;"118808.jpg";"Hajradinovic";3376;"a";118808;"Haris";"Hajradinovic";23;"";75;NA;NA;"0.3";"0.5";0;0;0;0;FALSE;0;"3.9";"2.0";203;57;92;15;0;0;0;0;4;2;"2.0";"2.0";"2.0";FALSE;180;0;0;0;6;0;0;0;0;0;0;0;3;3;2017-04-07
59;"156595.jpg";"Tronstad";3376;"a";156595;"Sondre";"Tronstad";8;"";50;NA;NA;"0.3";"0.6";0;0;0;0;FALSE;0;"1.2";"1.5";75;31;27;16;0;0;0;0;3;2;"1.5";"2.0";"2.0";FALSE;146;0;0;0;5;0;0;0;0;0;0;0;3;3;2017-04-07
60;"208396.jpg";"Kling";3376;"a";208396;"Robert";"Kling";29;"";45;NA;NA;"0.0";"0.0";0;0;0;0;FALSE;0;"0.9";"0.0";40;12;14;4;0;0;0;0;0;0;"0.0";"0.0";"0.0";FALSE;0;0;0;0;0;0;0;0;0;0;0;0;3;3;2017-04-07
61;"226887.jpg";"Horneland";3376;"a";226887;"Thomas";"Horneland";30;"";45;NA;NA;"0.0";"0.0";0;0;0;0;FALSE;0;"0.4";"0.0";27;8;12;2;0;0;0;0;0;0;"0.0";"0.0";"0.0";FALSE;0;0;0;0;0;0;0;0;0;0;0;0;3;3;2017-04-07
62;"232031.jpg";"Gunnarshaug";3376;"a";232031;"Kristoff";"Gunnarshaug";31;"";45;NA;NA;"0.0";"0.0";0;0;0;0;FALSE;0;"0.3";"0.0";23;4;8;1;0;0;0;0;0;0;"0.0";"0.0";"0.0";FALSE;0;0;0;0;0;0;0;0;0;0;0;0;3;3;2017-04-07
63;"53370.jpg";"Abdi";3376;"a";53370;"Liban";"Abdi";7;"";60;NA;NA;"-0.1";"-0.2";0;0;0;0;FALSE;0;"0.6";"-0.5";186;10;65;2;0;0;0;0;-1;0;"-1.0";"0.0";"0.0";FALSE;58;0;0;0;3;0;0;0;1;0;1;0;4;3;2017-04-07
64;"89368.jpg";"Gytkjær";3376;"a";89368;"Frederik";"Gytkjær";9;"";75;NA;NA;"1.2";"2.4";0;0;0;0;TRUE;0;"14.5";"9.0";310;1907;71;1628;0;0;0;0;18;12;"9.0";"9.0";"9.0";FALSE;168;3;0;0;5;0;0;1;0;0;3;0;4;3;2017-04-07
65;"224084.jpg";"Shuaibu";3376;"a";224084;"Ibrahim";"Shuaibu";17;"";50;NA;NA;"2.0";"4.0";0;0;0;0;TRUE;1;"5.3";"10.0";80;2141;28;1769;0;0;0;0;20;15;"10.0";"10.0";"10.0";FALSE;180;2;2;0;6;0;0;0;0;0;2;0;4;3;2017-04-07
66;"224097.jpg";"Krygard";3376;"u";224097;"Kevin Martin";"Krygard";NA;"Utilgjengelig";45;0;0;"0.0";"0.0";0;0;0;0;FALSE;0;"0.5";"0.0";95;4;33;0;0;0;0;0;0;0;"0.0";"0.0";"0.0";FALSE;0;0;0;0;0;0;0;0;0;0;0;0;4;3;2017-04-07
67;"247409.jpg";"Buduson";3376;"a";247409;"Johnny";"Buduson";20;"";50;NA;NA;"0.2";"0.4";0;0;0;0;FALSE;0;"0.3";"1.0";39;12;20;8;0;0;0;0;2;1;"1.0";"1.0";"1.0";FALSE;22;0;0;0;1;0;0;0;0;0;0;0;4;3;2017-04-07
68;"247408.jpg";"Leite";3376;"i";247408;"Bruno";"Leite";16;"Strekk";60;NA;NA;"0.0";"0.0";0;0;0;0;FALSE;0;"0.6";"0.0";124;3;65;0;0;0;0;0;0;0;"0.0";"0.0";"0.0";FALSE;0;0;0;0;0;0;0;0;0;0;0;0;3;3;2017-04-07
69;"113563.jpg";"McDermott";3835;"a";113563;"Sean";"McDermott";1;"";40;NA;NA;"0.4";"0.8";0;0;0;0;FALSE;0;"14.8";"1.5";197;512;66;181;0;0;0;0;3;1;"1.5";"2.0";"2.0";FALSE;180;0;0;0;3;0;0;0;0;1;0;0;1;4;2017-04-07
70;"81858.jpg";"Månsson";3835;"d";81858;"Conny";"Månsson";23;"Kneskade";45;NA;NA;"0.0";"0.0";0;0;0;0;FALSE;0;"0.7";"0.0";73;0;21;0;0;0;0;0;0;0;"0.0";"0.0";"0.0";FALSE;0;0;0;0;0;0;0;0;0;0;0;0;1;4;2017-04-07
71;"91120.jpg";"Aasbak";3835;"a";91120;"Christofer";"Aasbak";3;"";45;NA;NA;"0.1";"0.2";0;0;0;0;FALSE;0;"1.5";"0.5";170;10;44;3;0;0;0;0;1;1;"1.0";"1.0";"1.0";FALSE;45;0;0;0;1;0;0;0;0;0;0;0;2;4;2017-04-07
72;"95512.jpg";"Dan Ulvestad";3835;"a";95512;"Dan Peter";"Ulvestad";5;"";50;NA;NA;"0.3";"0.6";0;0;0;0;FALSE;0;"2.1";"1.5";110;15;50;5;0;0;0;0;3;1;"1.5";"2.0";"2.0";FALSE;95;0;0;0;1;0;0;0;0;0;0;0;2;4;2017-04-07
73;"156434.jpg";"Coly";3835;"a";156434;"Aliou";"Coly";99;"";45;NA;NA;"0.3";"0.7";0;0;0;0;FALSE;0;"3.9";"1.5";196;62;78;18;0;0;0;0;3;1;"1.5";"2.0";"2.0";FALSE;180;0;0;0;3;0;0;0;0;0;0;0;2;4;2017-04-07
74;"245729.jpg";"Sivertsen";3835;"i";245729;"Erlend";"Sivertsen";15;"Akillesskade - August";45;NA;NA;"0.0";"0.0";0;0;0;0;FALSE;0;"0.1";"0.0";28;0;7;0;0;0;0;0;0;0;"0.0";"0.0";"0.0";FALSE;0;0;0;0;0;0;0;0;0;0;0;0;2;4;2017-04-07
75;"159994.jpg";"Gjesdal";3835;"a";159994;"Henrik ";"Gjesdal";25;"";45;NA;NA;"0.3";"0.7";0;0;0;0;FALSE;0;"0.6";"1.5";23;8;11;2;0;0;0;0;3;1;"1.5";"2.0";"2.0";FALSE;180;0;0;0;3;0;0;0;0;0;0;0;2;4;2017-04-07
76;"245731.jpg";"Bjerkås";3835;"a";245731;"Joakim";"Bjerkås";2;"";40;NA;NA;"0.0";"0.0";0;0;0;0;FALSE;0;"2.2";"0.0";142;7;45;3;0;0;0;0;0;0;"0.0";"0.0";"0.0";FALSE;0;0;0;0;0;0;0;0;0;0;0;0;2;4;2017-04-07
77;"245735.jpg";"Nerland";3835;"u";245735;"Olav";"Mahle Nerland";49;"Utilgjengelig";40;0;0;"0.0";"0.0";0;0;0;0;FALSE;0;"0.9";"0.0";122;1;37;0;0;0;0;0;0;0;"0.0";"0.0";"0.0";FALSE;0;0;0;0;0;0;0;0;0;0;0;0;2;4;2017-04-07
78;"245733.jpg";"Hopmark";3835;"a";245733;"Andreas";"Hopmark";19;"";45;NA;NA;"0.3";"0.7";0;0;0;0;FALSE;0;"0.5";"1.5";15;6;7;1;0;0;0;0;3;1;"1.5";"2.0";"2.0";FALSE;180;0;0;0;3;0;0;0;0;0;0;0;2;4;2017-04-07
79;"63900.jpg";"Torske";3835;"a";63900;"Tor Erik";"Torske";6;"";50;NA;NA;"0.0";"0.0";0;0;0;0;FALSE;0;"0.7";"0.0";112;0;42;0;0;0;0;0;0;0;"0.0";"0.0";"0.0";FALSE;0;0;0;0;0;0;0;0;0;0;0;0;3;4;2017-04-07
80;"66338.jpg";"Kalludra";3835;"a";66338;"Liridon";"Kalludra";9;"";60;NA;NA;"0.2";"0.3";0;0;0;0;FALSE;0;"1.1";"1.0";125;3;47;0;0;0;0;0;2;1;"1.0";"1.0";"1.0";FALSE;64;0;0;0;1;0;0;0;0;0;0;0;3;4;2017-04-07
81;"92072.jpg";"Qaka";3835;"a";92072;"Kamer";"Qaka";92;"";60;NA;NA;"0.3";"0.5";0;0;0;0;FALSE;0;"5.6";"1.5";353;187;154;35;0;0;0;0;3;1;"1.5";"2.0";"2.0";FALSE;146;0;0;0;2;0;0;0;0;0;0;0;3;4;2017-04-07
82;"95511.jpg";"Økland";3835;"a";95511;"Sverre";"Økland";10;"";55;NA;NA;"0.4";"0.7";0;0;0;0;FALSE;0;"0.8";"2.0";49;16;20;4;0;0;0;0;4;2;"2.0";"2.0";"2.0";FALSE;180;0;0;0;3;0;0;0;0;0;0;0;3;4;2017-04-07
83;"95569.jpg";"Ulvestad";3835;"i";95569;"Pål Erik";"Ulvestad";8;"Overtråkk - 2 uker";50;NA;NA;"0.2";"0.4";0;0;0;0;FALSE;0;"0.9";"1.0";131;6;64;0;0;0;0;0;2;2;"2.0";"1.0";"1.0";FALSE;85;0;0;0;2;0;0;0;0;0;0;0;3;4;2017-04-07
84;"245730.jpg";"Sørli";3835;"a";245730;"Sondre";"Sørli";24;"";45;NA;NA;"0.3";"0.7";0;0;0;0;FALSE;0;"2.9";"1.5";97;291;50;102;0;0;0;0;3;2;"1.5";"2.0";"2.0";FALSE;180;0;0;0;3;0;0;1;0;0;0;0;3;4;2017-04-07
85;"245732.jpg";"Rodsand";3835;"u";245732;"Andreas";"Rodsand";21;"Utlån til 1. aug";50;0;0;"0.0";"0.0";0;0;0;0;FALSE;0;"0.1";"0.0";15;0;9;0;0;0;0;0;0;0;"0.0";"0.0";"0.0";FALSE;0;0;0;0;0;0;0;0;0;0;0;0;3;4;2017-04-07
86;"245734.jpg";"Koksvik";3835;"u";245734;"Sigur";"Koksvik";34;"Utilgjengelig";45;0;0;"0.0";"0.0";0;0;0;0;FALSE;0;"0.3";"0.0";43;2;9;0;0;0;0;0;0;0;"0.0";"0.0";"0.0";FALSE;0;0;0;0;0;0;0;0;0;0;0;0;3;4;2017-04-07
87;"245738.jpg";"Isaksen";3835;"a";245738;"Jesper";"Isaksen";18;"";45;NA;NA;"0.0";"0.0";0;0;0;0;FALSE;0;"0.4";"0.0";33;9;12;4;0;0;0;0;0;0;"0.0";"0.0";"0.0";FALSE;0;0;0;0;0;0;0;0;0;0;0;0;3;4;2017-04-07
88;"41319.jpg";"Lekaj";3835;"a";41319;"Rocky";"Lekaj";7;"";59;NA;NA;"0.1";"0.2";-1;-1;1;1;FALSE;0;"1.5";"0.5";304;11;113;4;0;0;0;0;1;0;"1.0";"1.0";"1.0";FALSE;5;0;0;0;0;0;0;0;0;0;0;0;4;4;2017-04-07
89;"206554.jpg";"Mendy";3835;"a";206554;"Jean Alassane";"Mendy";39;"";54;NA;NA;"0.1";"0.2";-1;-1;1;1;FALSE;0;"1.6";"0.5";283;20;94;6;0;0;0;0;1;0;"1.0";"1.0";"1.0";FALSE;18;0;0;0;0;0;0;0;0;0;0;0;4;4;2017-04-07
90;"245736.jpg";"Bamba";3835;"i";245736;"Daouda";"Bamba";11;"Legg";64;NA;NA;"0.2";"0.3";-1;0;1;0;FALSE;0;"3.3";"1.0";1794;35;562;4;0;0;0;0;2;0;"2.0";"1.0";"1.0";FALSE;85;0;0;0;1;0;0;0;0;0;0;0;4;4;2017-04-07
91;"245737.jpg";"Rønningen";3835;"a";245737;"Jonas";"Rønningen";16;"";55;NA;NA;"0.3";"0.5";0;0;0;0;FALSE;0;"0.2";"1.5";20;6;11;1;0;0;0;0;3;1;"1.5";"2.0";"2.0";FALSE;105;0;0;0;2;0;0;0;0;0;0;0;4;4;2017-04-07
92;"245739.jpg";"Bruseth";3835;"u";245739;"Adne";"Bruseth";48;"Utilgjengelig";45;0;0;"0.0";"0.0";0;0;0;0;FALSE;0;"0.6";"0.0";135;3;43;0;0;0;0;0;0;0;"0.0";"0.0";"0.0";FALSE;0;0;0;0;0;0;0;0;0;0;0;0;4;4;2017-04-07
93;"98733.jpg";"Stokke";3835;"a";98733;"Benjamin";"Stokke";20;"";50;NA;NA;"0.4";"0.8";0;0;0;0;FALSE;0;"0.8";"2.0";69;63;29;32;0;0;0;0;4;2;"2.0";"2.0";"2.0";FALSE;162;0;0;0;3;0;0;0;0;0;0;0;4;4;2017-04-07
94;"95016.jpg";"Baranov";3835;"a";95016;"Nikita";"Baranov";27;"";50;NA;NA;"0.1";"0.2";0;0;0;0;FALSE;0;"0.5";"0.5";47;2;9;0;0;0;0;0;1;1;"1.0";"1.0";"1.0";FALSE;90;0;0;0;2;0;0;0;0;0;0;0;2;4;2017-04-07
95;"34727.jpg";"Otieno Origi";305;"a";34727;"Arnold";"Otieno Origi";77;"";45;NA;NA;"0.0";"0.0";0;0;0;0;FALSE;0;"14.4";"0.0";1771;24;556;5;0;0;0;0;0;0;"0.0";"0.0";"0.0";FALSE;0;0;0;0;0;0;0;0;0;0;0;0;1;5;2017-04-07
96;"208534.jpg";"Ødegaard";305;"a";208534;"Emil";"Ødegaard";29;"";40;NA;NA;"0.0";"0.0";0;0;0;0;FALSE;0;"1.7";"0.0";59;19;18;8;0;0;0;0;0;0;"0.0";"0.0";"0.0";FALSE;0;0;0;0;0;0;0;0;0;0;0;0;1;5;2017-04-07
97;"3629.jpg";"Kippe";305;"a";3629;"Frode";"Kippe";13;"";50;NA;NA;"0.2";"0.4";0;0;0;0;FALSE;0;"9.4";"1.0";1227;38;387;11;0;0;0;0;2;1;"1.0";"1.0";"1.0";FALSE;10;0;0;0;0;0;0;0;0;0;0;0;2;5;2017-04-07
98;"98090.jpg";"Amundsen";305;"a";98090;"Marius";"Amundsen";4;"";45;NA;NA;"0.3";"0.7";0;0;0;0;FALSE;0;"6.1";"1.5";306;62;101;14;0;0;0;0;3;1;"1.5";"2.0";"2.0";FALSE;180;0;0;0;3;0;0;0;0;0;0;0;2;5;2017-04-07
99;"179305.jpg";"Kind Mikalsen";305;"a";179305;"Simen";"Kind Mikalsen";3;"";50;NA;NA;"0.3";"0.6";0;0;0;0;FALSE;0;"3.9";"1.5";303;43;80;11;0;0;0;0;3;1;"1.5";"2.0";"2.0";FALSE;180;0;0;0;3;0;0;0;0;0;0;0;2;5;2017-04-07
100;"225993.jpg";"Sinyan";305;"a";225993;"Sheriff";"Sinyan";19;"";49;NA;NA;"0.0";"0.0";-1;-1;1;1;FALSE;0;"0.5";"0.0";82;1;17;0;0;0;0;0;0;0;"0.0";"0.0";"0.0";FALSE;0;0;0;0;0;0;0;0;0;0;0;0;2;5;2017-04-07
101;"247410.jpg";"Melgalvis";305;"a";247410;"Aleksander";"Melgalvis";33;"";45;NA;NA;"0.7";"1.3";0;0;0;0;FALSE;0;"4.7";"3.0";128;951;54;162;0;0;0;0;6;1;"3.0";"3.0";"3.0";FALSE;180;0;1;0;3;0;0;0;0;0;0;0;2;5;2017-04-07
102;"202256.jpg";"Haakenstad";305;"a";202256;"Mats";"Haakenstad";2;"";45;NA;NA;"0.3";"0.7";0;0;0;0;FALSE;0;"2.0";"1.5";142;33;47;7;0;0;0;0;3;1;"1.5";"2.0";"2.0";FALSE;180;0;0;0;3;0;0;0;0;0;0;0;2;5;2017-04-07
103;"61930.jpg";"Knudtzon";305;"a";61930;"Erling";"Knudtzon";11;"";80;NA;NA;"0.4";"0.8";0;0;0;0;FALSE;0;"6.1";"3.0";573;58;124;28;0;0;0;0;6;4;"3.0";"3.0";"3.0";FALSE;180;0;0;0;3;0;0;0;0;0;2;0;3;5;2017-04-07
104;"192267.jpg";"Kolstad";305;"u";192267;"Jørgen";"Kolstad";17;"Utlån";50;0;0;"0.0";"0.0";0;0;0;0;FALSE;0;"0.1";"0.0";53;0;13;0;0;0;0;0;0;0;"0.0";"0.0";"0.0";FALSE;0;0;0;0;0;0;0;0;0;0;0;0;3;5;2017-04-07
105;"193844.jpg";"Innocent";305;"a";193844;"Bonke";"Innocent";18;"";49;NA;NA;"0.0";"0.0";-1;-1;1;1;FALSE;0;"1.7";"0.0";372;9;118;2;0;0;0;0;0;0;"0.0";"0.0";"0.0";FALSE;0;0;0;0;0;0;0;0;0;0;0;0;3;5;2017-04-07
106;"208025.jpg";"Krogstad";305;"a";208025;"Fredrik";"Krogstad";14;"";60;NA;NA;"0.3";"0.7";0;0;0;0;FALSE;0;"1.5";"2.0";179;18;73;2;0;0;0;0;4;2;"2.0";"2.0";"2.0";FALSE;171;0;0;0;3;0;0;0;0;0;0;0;3;5;2017-04-07
107;"210142.jpg";"Ifeanyi Matthew";305;"a";210142;"Ifeanyi";"Matthew";6;"";61;NA;NA;"1.3";"2.7";1;1;-1;-1;TRUE;1;"10.3";"8.0";103;3543;27;2995;0;0;0;0;16;10;"8.0";"8.0";"8.0";FALSE;180;1;1;0;3;0;0;0;0;0;4;0;3;5;2017-04-07
108;"219232.jpg";"Olsen";305;"a";219232;"Petter Mathias";"Olsen";21;"";50;NA;NA;"0.0";"0.0";0;0;0;0;FALSE;0;"0.4";"0.0";50;4;19;1;0;0;0;0;0;0;"0.0";"0.0";"0.0";FALSE;0;0;0;0;0;0;0;0;0;0;0;0;3;5;2017-04-07
109;"224088.jpg";"Brenden";305;"a";224088;"Erik Næsbak";"Brenden";15;"";50;NA;NA;"0.0";"0.0";0;0;0;0;FALSE;0;"0.1";"0.0";16;0;4;0;0;0;0;0;0;0;"0.0";"0.0";"0.0";FALSE;0;0;0;0;0;0;0;0;0;0;0;0;3;5;2017-04-07
110;"95532.jpg";"Rafn";305;"a";95532;"Simen";"Rafn";5;"";55;NA;NA;"0.4";"0.7";0;0;0;0;FALSE;0;"0.6";"2.0";29;20;10;7;0;0;0;0;4;2;"2.0";"2.0";"2.0";FALSE;156;0;0;0;3;0;0;0;0;0;0;0;3;5;2017-04-07
111;"63729.jpg";"Ajeti";305;"a";63729;"Bajram ";"Ajeti";9;"";64;NA;NA;"0.1";"0.2";-1;0;1;0;FALSE;0;"4.3";"0.5";1412;12;448;3;0;0;0;0;1;0;"1.0";"1.0";"1.0";FALSE;45;0;0;0;1;0;0;0;0;0;0;0;4;5;2017-04-07
112;"101815.jpg";"Malec";305;"a";101815;"Tomas";"Malec";7;"";64;NA;NA;"0.3";"0.6";-1;-1;1;1;FALSE;0;"5.2";"2.0";1037;102;265;49;0;0;0;0;4;2;"2.0";"2.0";"2.0";FALSE;180;0;0;0;3;0;0;0;0;0;0;0;4;5;2017-04-07
113;"15724.jpg";"Grahn";305;"u";15724;"Tobias ";"Grahn";16;"Utilgjengelig";45;0;0;"0.0";"0.0";0;0;0;0;FALSE;0;"0.4";"0.0";90;0;33;0;0;0;0;0;0;0;"0.0";"0.0";"0.0";FALSE;0;0;0;0;0;0;0;0;0;0;0;0;4;5;2017-04-07
114;"111558.jpg";"Antonijevic";305;"a";111558;"Stefan";"Antonijevic";22;"";45;NA;NA;"0.1";"0.2";0;0;0;0;FALSE;0;"0.2";"0.5";28;1;8;0;0;0;0;0;1;1;"1.0";"1.0";"1.0";FALSE;1;0;0;0;0;0;0;0;0;0;0;0;2;5;2017-04-07
115;"28113.jpg";"Fernandes";305;"a";28113;"Daniel";"Fernandes";1;"";40;NA;NA;"0.4";"0.8";0;0;0;0;FALSE;0;"17.4";"1.5";117;956;46;296;0;0;0;0;3;1;"1.5";"2.0";"2.0";FALSE;180;0;0;0;3;0;0;0;0;3;0;0;1;5;2017-04-07
116;"111778.jpg";"Linde";203;"a";111778;"Andreas";"Linde";1;"";55;NA;NA;"0.7";"1.5";0;0;0;0;FALSE;0;"8.8";"4.0";201;350;93;108;0;0;0;0;8;3;"4.0";"4.0";"4.0";FALSE;180;0;0;1;1;0;0;1;0;4;0;0;1;6;2017-04-07
117;"215367.jpg";"Neydson";203;"a";215367;"Neydson";"da Silva";34;"";50;NA;NA;"0.0";"0.0";0;0;0;0;FALSE;0;"0.2";"0.0";25;2;7;0;0;0;0;0;0;0;"0.0";"0.0";"0.0";FALSE;0;0;0;0;0;0;0;0;0;0;0;0;1;6;2017-04-07
118;"39707.jpg";"Rindarøy";203;"a";39707;"Knut Olav";"Rindarøy";23;"";55;NA;NA;"0.7";"1.5";0;0;0;0;FALSE;0;"13.2";"4.0";319;687;217;52;0;0;0;0;8;2;"4.0";"4.0";"4.0";FALSE;154;0;0;1;1;0;0;0;0;0;0;0;2;6;2017-04-07
119;"40646.jpg";"Toivio";203;"a";40646;"Joona";"Toivio";5;"";59;NA;NA;"0.0";"0.0";-1;-1;1;1;FALSE;0;"9.0";"0.0";2201;18;693;6;0;0;0;0;0;0;"0.0";"0.0";"0.0";FALSE;0;0;0;0;0;0;0;0;0;0;0;0;2;6;2017-04-07
120;"61983.jpg";"Gabrielsen";203;"a";61983;"Ruben";"Gabrielsen";4;"";60;NA;NA;"0.7";"1.3";0;0;0;0;FALSE;0;"15.8";"4.0";349;491;246;69;0;0;0;0;8;2;"4.0";"4.0";"4.0";FALSE;180;0;0;1;1;0;0;0;0;0;0;0;2;6;2017-04-07
121;"114566.jpg";"Remmer";203;"a";114566;"Christoffer";"Remmer";22;"";55;NA;NA;"0.6";"1.3";0;0;0;0;FALSE;0;"1.8";"3.5";53;62;31;5;0;0;0;0;7;2;"3.5";"4.0";"4.0";FALSE;180;0;0;1;1;0;0;1;0;0;0;0;2;6;2017-04-07
122;"139511.jpg";"Rindarøy";203;"a";139511;"Ole Martin";"Rindarøy";3;"";49;NA;NA;"0.1";"0.2";-1;-1;1;1;FALSE;0;"2.9";"0.5";481;30;85;4;0;0;0;0;1;1;"1.0";"1.0";"1.0";FALSE;26;0;0;0;0;0;0;0;0;0;0;0;2;6;2017-04-07
123;"141947.jpg";"Ssewankambo";203;"a";141947;"Isak";"Ssewankambo";2;"";54;NA;NA;"0.0";"0.0";-1;-1;1;1;FALSE;0;"1.0";"0.0";176;4;42;1;0;0;0;0;0;0;"0.0";"0.0";"0.0";FALSE;0;0;0;0;0;0;0;0;0;0;0;0;2;6;2017-04-07
124;"165824.jpg";"Sonni Nattestad";203;"i";165824;"Sonni Ragnar";"Nattestad";15;"Akilles";55;NA;NA;"0.0";"0.0";0;0;0;0;FALSE;0;"0.5";"0.0";80;2;35;0;0;0;0;0;0;0;"0.0";"0.0";"0.0";FALSE;0;0;0;0;0;0;0;0;0;0;0;0;2;6;2017-04-07
125;"215661.jpg";"Ove Roseth";203;"i";215661;"Martin";"Ove Roseth";27;"Kne";45;NA;NA;"0.0";"0.0";0;0;0;0;FALSE;0;"0.3";"0.0";38;4;24;1;0;0;0;0;0;0;"0.0";"0.0";"0.0";FALSE;0;0;0;0;0;0;0;0;0;0;0;0;2;6;2017-04-07
126;"223357.jpg";"Strande";203;"a";223357;"Kristian";"Strande";29;"";40;NA;NA;"0.0";"0.0";0;0;0;0;FALSE;0;"2.1";"0.0";166;30;56;6;0;0;0;0;0;0;"0.0";"0.0";"0.0";FALSE;0;0;0;0;0;0;0;0;0;0;0;0;2;6;2017-04-07
127;"166372.jpg";"Gregersen";203;"a";166372;"Stian";"Gregersen";6;"";51;NA;NA;"1.5";"3.0";1;1;-1;-1;TRUE;0;"6.7";"7.5";94;2103;52;938;0;0;0;0;15;8;"7.5";"8.0";"8.0";FALSE;180;1;0;1;1;0;0;0;0;0;1;0;2;6;2017-04-07
128;"61849.jpg";"Mostrøm";203;"i";61849;"Mattias";"Mostrøm";9;"Ankel";64;NA;NA;"0.0";"0.0";-1;-1;1;1;FALSE;0;"3.7";"0.0";1377;18;580;0;0;0;0;0;0;0;"0.0";"0.0";"0.0";FALSE;0;0;0;0;0;0;0;0;0;0;0;0;3;6;2017-04-07
129;"115935.jpg";"Sarr";203;"a";115935;"Babacar";"Sarr";8;"";50;NA;NA;"0.4";"0.8";0;0;0;0;FALSE;0;"4.8";"2.0";249;383;117;85;0;0;0;0;4;2;"2.0";"2.0";"2.0";FALSE;180;0;0;1;1;0;0;1;0;0;0;0;3;6;2017-04-07
130;"134103.jpg";"Aursnes";203;"a";134103;"Fredrik";"Aursnes";17;"";80;NA;NA;"0.1";"0.3";0;0;0;0;FALSE;0;"1.6";"1.0";249;9;91;1;0;0;0;0;2;1;"1.0";"1.0";"1.0";FALSE;37;0;0;0;0;0;0;0;0;0;0;0;3;6;2017-04-07
131;"134330.jpg";"Hestad";203;"a";134330;"Eirik";"Hestad";19;"";75;NA;NA;"0.2";"0.4";0;0;0;0;FALSE;0;"3.6";"1.5";245;158;162;6;0;0;0;0;3;0;"3.0";"2.0";"2.0";FALSE;78;0;0;1;0;0;0;0;0;0;0;0;3;6;2017-04-07
132;"161268.jpg";"Svendsen";203;"a";161268;"Sander";"Svendsen";11;"";85;NA;NA;"0.5";"1.1";0;0;0;0;FALSE;0;"13.4";"4.5";774;398;151;264;0;0;0;0;9;8;"4.5";"5.0";"5.0";FALSE;148;1;0;0;1;0;0;0;0;0;1;0;3;6;2017-04-07
133;"182321.jpg";"Strand";203;"a";182321;"Petter";"Strand";14;"";80;NA;NA;"0.4";"0.9";0;0;0;0;FALSE;0;"3.5";"3.5";143;492;111;56;0;0;0;0;7;2;"3.5";"4.0";"4.0";FALSE;180;0;0;1;1;0;0;0;0;0;2;0;3;6;2017-04-07
134;"195572.jpg";"Diop";203;"i";195572;"Amidou";"Diop";18;"Kne";50;NA;NA;"0.0";"0.0";0;0;0;0;FALSE;0;"0.6";"0.0";117;7;52;0;0;0;0;0;0;0;"0.0";"0.0";"0.0";FALSE;0;0;0;0;0;0;0;0;0;0;0;0;3;6;2017-04-07
135;"215843.jpg";"Svendsen";203;"a";215843;"Tobias Hammer";"Svendsen";21;"";50;NA;NA;"0.0";"0.0";0;0;0;0;FALSE;0;"1.5";"0.0";232;36;79;10;0;0;0;0;0;0;"0.0";"0.0";"0.0";FALSE;0;0;0;0;0;0;0;0;0;0;0;0;3;6;2017-04-07
136;"225140.jpg";"Unachi Ekpe";3835;"a";225140;"Thompson";"Unachi Ekpe";4;"";45;NA;NA;"0.0";"0.0";0;0;0;0;FALSE;0;"0.6";"0.0";44;5;17;2;0;0;0;0;0;0;"0.0";"0.0";"0.0";FALSE;0;0;0;0;0;0;0;0;0;0;0;0;3;4;2017-04-07
137;"61972.jpg";"Sigurdarson";203;"a";61972;"Björn";"Sigurdarson";10;"";90;NA;NA;"0.4";"0.8";0;0;0;0;FALSE;0;"21.4";"3.5";1134;1282;813;112;0;0;0;0;7;2;"3.5";"4.0";"4.0";FALSE;180;0;1;1;1;0;0;0;0;0;0;0;4;6;2017-04-07
138;"105097.jpg";"Brustad";203;"a";105097;"Fredrik";"Brustad";33;"";75;NA;NA;"0.7";"1.3";0;0;0;0;FALSE;0;"7.4";"5.0";492;1370;398;141;0;0;0;0;10;1;"5.0";"5.0";"5.0";FALSE;87;1;0;1;0;0;0;0;0;0;3;0;4;6;2017-04-07
139;"223959.jpg";"Amang";203;"a";223959;"Thomas";"Amang";20;"";59;NA;NA;"0.0";"0.0";-1;0;1;0;FALSE;0;"0.5";"0.0";120;8;30;3;0;0;0;0;0;0;"0.0";"0.0";"0.0";FALSE;0;0;0;0;0;0;0;0;0;0;0;0;4;6;2017-04-07
140;"227291.jpg";"Karlsson";203;"a";227291;"Óttar Magnús";"Karlsson";25;"";80;NA;NA;"0.4";"0.8";0;0;0;0;FALSE;0;"4.1";"3.0";460;40;85;9;0;0;0;0;6;5;"3.0";"3.0";"3.0";FALSE;97;0;1;0;1;0;0;0;0;0;0;0;4;6;2017-04-07
141;"247411.jpg";"Markovic";203;"a";247411;"Eman";"Markovic";24;"";45;NA;NA;"0.0";"0.0";0;0;0;0;FALSE;0;"0.9";"0.0";82;11;27;3;0;0;0;0;0;0;"0.0";"0.0";"0.0";FALSE;0;0;0;0;0;0;0;0;0;0;0;0;3;6;2017-04-07
142;"223094.jpg";"Braut Håland";203;"a";223094;"Erling";"Braut Håland";30;"";45;NA;NA;"0.0";"0.0";0;0;0;0;FALSE;0;"0.5";"0.0";52;17;19;7;0;0;0;0;0;0;"0.0";"0.0";"0.0";FALSE;0;0;0;0;0;0;0;0;0;0;0;0;4;6;2017-04-07
143;"95501.jpg";"Hussain";203;"a";95501;"Etzaz";"Hussain";16;"";60;NA;NA;"0.3";"0.5";0;0;0;0;FALSE;0;"16.9";"1.5";1919;121;765;18;0;0;0;0;3;2;"1.5";"2.0";"2.0";FALSE;93;0;0;0;1;0;0;0;0;0;0;0;3;6;2017-04-07
144;"156550.jpg";"Rossbach";307;"a";156550;"Sondre";"Rossbach";1;"";55;NA;NA;"0.6";"1.3";0;0;0;0;FALSE;0;"25.2";"3.5";476;544;135;193;0;0;0;0;7;6;"3.5";"4.0";"4.0";FALSE;180;0;0;1;3;0;0;0;0;4;0;0;1;7;2017-04-07
145;"171682.jpg";"Myhra";307;"a";171682;"Viljar";"Myhra";12;"";50;NA;NA;"0.0";"0.0";0;0;0;0;FALSE;0;"0.2";"0.0";21;2;8;0;0;0;0;0;0;0;"0.0";"0.0";"0.0";FALSE;0;0;0;0;0;0;0;0;0;0;0;0;1;7;2017-04-07
146;"42549.jpg";"Ruud";307;"a";42549;"Espen";"Ruud";2;"";65;NA;NA;"0.5";"0.9";0;0;0;0;FALSE;0;"37.7";"3.0";398;753;154;161;0;0;0;0;6;5;"3.0";"3.0";"3.0";FALSE;180;0;0;1;3;0;0;1;0;0;0;0;2;7;2017-04-07
147;"62005.jpg";"Semb Berge";307;"a";62005;"Fredrik";"Semb Berge";16;"";60;NA;NA;"0.7";"1.3";0;0;0;0;FALSE;1;"16.5";"4.0";307;386;42;191;0;0;0;0;8;9;"4.0";"4.0";"4.0";FALSE;180;0;1;1;3;0;0;0;0;0;0;1;2;7;2017-04-07
148;"62009.jpg";"Hagen";307;"a";62009;"Steffen";"Hagen";21;"";60;NA;NA;"0.6";"1.2";0;0;0;0;FALSE;0;"7.0";"3.5";133;84;39;13;0;0;0;0;7;6;"3.5";"4.0";"4.0";FALSE;180;0;0;1;3;0;0;0;0;0;0;0;2;7;2017-04-07
149;"81784.jpg";"Nilsen";307;"a";81784;"Joakim Våge";"Nilsen";18;"";55;NA;NA;"0.3";"0.5";0;0;0;0;FALSE;0;"2.4";"1.5";113;428;83;11;0;0;0;0;3;0;"1.5";"2.0";"2.0";FALSE;135;0;0;0;3;0;0;1;0;0;2;0;2;7;2017-04-07
150;"116099.jpg";"Grøgaard";307;"a";116099;"Thomas";"Grøgaard";5;"";55;NA;NA;"1.5";"2.9";0;0;0;0;TRUE;1;"7.3";"8.0";94;1445;23;1299;0;0;0;0;16;15;"8.0";"8.0";"8.0";FALSE;180;1;0;1;3;0;0;0;0;0;3;0;2;7;2017-04-07
151;"171023.jpg";"Bergan";307;"a";171023;"Vegard";"Bergan";4;"";50;NA;NA;"0.0";"0.0";0;0;0;0;FALSE;0;"0.5";"0.0";42;5;19;0;0;0;0;0;0;0;"0.0";"0.0";"0.0";FALSE;0;0;0;0;0;0;0;0;0;0;0;0;2;7;2017-04-07
152;"223963.jpg";"Eikeng";307;"a";223963;"Erik";"Eikeng";22;"";45;NA;NA;"0.0";"0.0";0;0;0;0;FALSE;0;"0.4";"0.0";24;4;10;2;0;0;0;0;0;0;"0.0";"0.0";"0.0";FALSE;0;0;0;0;0;0;0;0;0;0;0;0;2;7;2017-04-07
153;"227411.jpg";"Kitolano";307;"a";227411;"John";"Kitolano";25;"";45;NA;NA;"0.0";"0.0";0;0;0;0;FALSE;0;"0.2";"0.0";15;2;3;1;0;0;0;0;0;0;"0.0";"0.0";"0.0";FALSE;0;0;0;0;0;0;0;0;0;0;0;0;2;7;2017-04-07
154;"18789.jpg";"Gashi";307;"a";18789;"Ardian";"Gashi";3;"";45;NA;NA;"0.0";"0.0";0;0;0;0;FALSE;0;"6.9";"0.0";629;38;285;11;0;0;0;0;0;0;"0.0";"0.0";"0.0";FALSE;0;0;0;0;0;0;0;0;0;0;0;0;3;7;2017-04-07
155;"61989.jpg";"Nordkvelle";307;"a";61989;"Fredrik";"Nordkvelle";14;"";90;NA;NA;"0.3";"0.6";0;0;0;0;FALSE;0;"9.6";"2.5";337;475;187;53;0;0;0;0;5;3;"2.5";"3.0";"3.0";FALSE;180;0;0;1;3;0;0;0;0;0;0;0;3;7;2017-04-07
156;"62070.jpg";"Samuelsen";307;"i";62070;"Jone";"Samuelsen";8;"Fot";79;NA;NA;"0.0";"0.0";-1;-1;1;1;FALSE;0;"4.5";"0.0";791;28;351;4;0;0;0;0;0;0;"0.0";"0.0";"0.0";FALSE;0;0;0;0;0;0;0;0;0;0;0;0;3;7;2017-04-07
157;"111716.jpg";"Broberg";307;"a";111716;"Martin";"Broberg";7;"";65;NA;NA;"0.2";"0.5";0;0;0;0;FALSE;0;"0.5";"1.5";40;38;14;10;0;0;0;0;3;2;"1.5";"2.0";"2.0";FALSE;94;0;0;1;1;0;0;1;0;0;0;0;3;7;2017-04-07
158;"111819.jpg";"Jensen";307;"a";111819;"Fredrik Oldrup";"Jensen";20;"";55;NA;NA;"0.1";"0.2";0;0;0;0;FALSE;0;"1.7";"0.5";165;40;51;6;0;0;0;0;1;1;"1.0";"1.0";"1.0";FALSE;45;0;0;0;0;0;0;0;0;0;0;0;3;7;2017-04-07
159;"118237.jpg";"Berg";307;"a";118237;"Oliver";"Berg";6;"";60;NA;NA;"0.3";"0.5";0;0;0;0;FALSE;0;"1.0";"1.5";44;193;31;5;0;0;0;0;3;1;"1.5";"2.0";"2.0";FALSE;86;0;0;0;2;0;0;0;0;0;0;0;3;7;2017-04-07
160;"153580.jpg";"Messoudi";307;"a";153580;"Zakaria";"Messoudi";19;"";45;NA;NA;"0.0";"0.0";0;0;0;0;FALSE;0;"0.3";"0.0";21;2;5;0;0;0;0;0;0;0;"0.0";"0.0";"0.0";FALSE;0;0;0;0;0;0;0;0;0;0;0;0;3;7;2017-04-07
161;"206930.jpg";"Zekhnini";307;"a";206930;"Rafik";"Zekhnini";11;"";85;NA;NA;"0.4";"0.7";0;0;0;0;FALSE;0;"22.2";"3.0";854;990;259;167;0;0;0;0;6;4;"3.0";"3.0";"3.0";FALSE;93;0;1;0;2;0;0;0;0;0;0;0;3;7;2017-04-07
162;"228900.jpg";"Kaasa";307;"a";228900;"Markus";"Kaasa";29;"";45;NA;NA;"0.0";"0.0";0;0;0;0;FALSE;0;"0.2";"0.0";17;3;7;1;0;0;0;0;0;0;"0.0";"0.0";"0.0";FALSE;0;0;0;0;0;0;0;0;0;0;0;0;3;7;2017-04-07
163;"230431.jpg";"Mladenovic";307;"a";230431;"Stefan";"Mladenovic";13;"";55;NA;NA;"0.1";"0.2";0;0;0;0;FALSE;0;"0.2";"0.5";24;19;11;0;0;0;0;0;1;0;"1.0";"1.0";"1.0";FALSE;11;0;0;0;0;0;0;0;0;0;0;0;3;7;2017-04-07
164;"62816.jpg";"Riku Riski";307;"a";62816;"Riku";"Riski";24;"";70;NA;NA;"0.5";"1.0";0;0;0;0;FALSE;0;"6.3";"3.5";191;661;71;202;0;0;0;0;7;5;"3.5";"4.0";"4.0";FALSE;169;0;0;1;3;0;0;0;0;0;2;0;3;7;2017-04-07
165;"39723.jpg";"Diouf";307;"d";39723;"Pape Pate";"Diouf";27;"Lår - 75% sjanse for å spille";75;NA;NA;"0.1";"0.3";0;0;0;0;FALSE;0;"3.2";"1.0";225;41;84;3;0;0;0;0;2;1;"1.0";"1.0";"1.0";FALSE;87;0;0;0;1;0;0;0;0;0;0;0;3;7;2017-04-07
166;"34339.jpg";"Occean";307;"a";34339;"Olivier";"Occean";10;"";100;NA;NA;"0.5";"0.9";0;0;0;0;FALSE;0;"8.6";"4.5";358;1162;111;256;0;0;0;0;9;7;"4.5";"5.0";"5.0";FALSE;180;1;0;1;3;0;0;0;0;0;1;0;4;7;2017-04-07
167;"221242.jpg";"Haugen";307;"a";221242;"Sigurd";"Haugen";15;"";50;NA;NA;"0.0";"0.0";0;0;0;0;FALSE;0;"0.5";"0.0";50;9;23;2;0;0;0;0;0;0;"0.0";"0.0";"0.0";FALSE;0;0;0;0;0;0;0;0;0;0;0;0;4;7;2017-04-07
168;"88374.jpg";"Agdestein";307;"a";88374;"Torbjorn";"Agdestein";9;"";79;NA;NA;"0.0";"0.0";-1;-1;1;1;FALSE;0;"4.6";"0.0";1100;46;393;5;0;0;0;0;0;0;"0.0";"0.0";"0.0";FALSE;0;0;0;0;0;0;0;0;0;0;0;0;4;7;2017-04-07
169;"61984.jpg";"Hansen";197;"a";61984;"André";"Hansen";1;"";55;NA;NA;"1.1";"2.2";0;0;0;0;TRUE;1;"31.8";"6.0";353;942;126;369;0;0;0;0;12;6;"6.0";"6.0";"6.0";FALSE;180;0;0;2;0;0;0;0;0;2;0;0;1;8;2017-04-07
170;"95513.jpg";"Østbø";197;"a";95513;"Arild";"Østbø";24;"";50;NA;NA;"0.0";"0.0";0;0;0;0;FALSE;0;"0.4";"0.0";42;3;13;1;0;0;0;0;0;0;"0.0";"0.0";"0.0";FALSE;0;0;0;0;0;0;0;0;0;0;0;0;1;8;2017-04-07
171;"217243.jpg";"Lund";197;"u";217243;"Julian";"Faye Lund";33;"Utilgjengelig";45;0;0;"0.0";"0.0";0;0;0;0;FALSE;0;"0.1";"0.0";28;1;8;0;0;0;0;0;0;0;"0.0";"0.0";"0.0";FALSE;0;0;0;0;0;0;0;0;0;0;0;0;1;8;2017-04-07
172;"56002.jpg";"Reginiussen";197;"a";56002;"Tore";"Reginiussen";4;"";60;NA;NA;"1.0";"2.0";0;0;0;0;FALSE;0;"26.7";"6.0";431;886;163;340;0;0;0;0;12;6;"6.0";"6.0";"6.0";FALSE;180;0;0;2;0;0;0;0;0;0;0;0;2;8;2017-04-07
173;"61885.jpg";"Bjørdal";197;"a";61885;"Johan";"Bjørdal";14;"";55;NA;NA;"0.1";"0.2";0;0;0;0;FALSE;0;"1.6";"0.5";209;10;109;2;0;0;0;0;1;0;"1.0";"1.0";"1.0";FALSE;45;0;0;0;0;0;0;0;0;0;0;0;2;8;2017-04-07
174;"63800.jpg";"Skjelvik";197;"a";63800;"Jørgen";"Skjelvik";16;"";60;NA;NA;"0.5";"1.0";0;0;0;0;FALSE;0;"10.3";"3.0";451;242;296;15;0;0;0;0;6;0;"6.0";"3.0";"3.0";FALSE;90;0;0;1;0;0;0;0;0;0;0;0;2;8;2017-04-07
175;"193761.jpg";"Gersbach";197;"a";193761;"Alex";"Gersbach";20;"";55;NA;NA;"0.5";"1.1";0;0;0;0;FALSE;0;"1.8";"3.0";180;37;25;15;0;0;0;0;6;6;"3.0";"3.0";"3.0";FALSE;135;0;0;1;0;0;0;1;0;0;0;0;2;8;2017-04-07
176;"205454.jpg";"Rasmussen";197;"a";205454;"Jacob";"Rasmussen";5;"";55;NA;NA;"0.8";"1.6";0;0;0;0;FALSE;1;"0.9";"4.5";110;43;16;39;0;0;0;0;9;9;"9.0";"5.0";"5.0";FALSE;90;0;0;1;0;0;0;0;0;0;3;0;2;8;2017-04-07
177;"216168.jpg";"Dahl Reitan";197;"a";216168;"Erlend";"Dahl Reitan";32;"";49;NA;NA;"0.0";"0.0";-1;-1;1;1;FALSE;0;"0.3";"0.0";68;2;23;0;0;0;0;0;0;0;"0.0";"0.0";"0.0";FALSE;0;0;0;0;0;0;0;0;0;0;0;0;2;8;2017-04-07
178;"197498.jpg";"Meling";197;"d";197498;"Birger";"Meling";3;"Hjernerystelse";64;NA;NA;"0.0";"0.0";-1;-1;1;1;FALSE;0;"3.3";"0.0";1078;4;236;1;0;0;0;0;0;0;"0.0";"0.0";"0.0";FALSE;0;0;0;0;0;0;0;0;0;0;0;0;2;8;2017-04-07
179;"54375.jpg";"Konradsen";197;"a";54375;"Anders";"Konradsen";8;"";70;NA;NA;"0.4";"0.7";0;0;0;0;FALSE;0;"6.8";"2.5";359;195;164;31;0;0;0;0;5;2;"2.5";"3.0";"3.0";FALSE;180;0;0;2;0;0;0;1;0;0;0;0;3;8;2017-04-07
180;"61830.jpg";"Helland";197;"a";61830;"Pål";"Helland";23;"";110;NA;NA;"0.5";"1.1";0;0;0;0;FALSE;0;"32.4";"6.0";698;511;173;218;0;0;0;0;12;6;"6.0";"6.0";"6.0";FALSE;90;1;1;1;0;0;0;0;0;0;0;0;3;8;2017-04-07
181;"69893.jpg";"Jensen";197;"a";69893;"Mike";"Jensen";7;"";105;NA;NA;"0.8";"1.5";0;0;0;0;TRUE;1;"28.1";"8.0";221;1595;109;443;0;0;0;0;16;4;"8.0";"8.0";"8.0";FALSE;180;0;2;2;0;0;0;0;0;0;4;0;3;8;2017-04-07
182;"83510.jpg";"Thorarinsson";197;"u";83510;"Gudmundur";"Thorarinsson";NA;"Solgt til Norrköping";60;0;0;"0.0";"0.0";0;0;0;0;FALSE;0;"0.0";"0.0";0;0;0;0;0;0;0;0;0;0;"0.0";"0.0";"0.0";FALSE;0;0;0;0;0;0;0;0;0;0;0;0;3;8;2017-04-07
183;"86463.jpg";"Stamnestrø";197;"i";86463;"Magnus";"Stamnestrø";18;"Kneskade - ute i 4-5 mnd";55;NA;NA;"0.0";"0.0";0;0;0;0;FALSE;0;"0.1";"0.0";26;0;5;0;0;0;0;0;0;0;"0.0";"0.0";"0.0";FALSE;0;0;0;0;0;0;0;0;0;0;0;0;3;8;2017-04-07
184;"87100.jpg";"Midtsjø";197;"a";87100;"Fredrik";"Midtsjø";21;"";85;NA;NA;"0.5";"1.1";0;0;0;0;FALSE;0;"26.6";"4.5";1261;436;372;115;0;0;0;0;9;6;"4.5";"5.0";"5.0";FALSE;152;0;1;2;0;0;0;0;0;0;0;0;3;8;2017-04-07
185;"95519.jpg";"de Lanlay";197;"i";95519;"Yann-Erik";"de Lanlay";11;"Kne - Antatt tilbake i juli";84;NA;NA;"0.0";"0.0";-1;-1;1;1;FALSE;0;"0.9";"0.0";472;0;80;0;0;0;0;0;0;0;"0.0";"0.0";"0.0";FALSE;0;0;0;0;0;0;0;0;0;0;0;0;3;8;2017-04-07
186;"95581.jpg";"Rashani";197;"a";95581;"Elbasan";"Rashani";15;"";79;NA;NA;"0.1";"0.3";-1;-1;1;1;FALSE;0;"0.7";"1.0";145;31;47;7;0;0;0;0;2;1;"1.0";"1.0";"1.0";FALSE;30;0;0;0;0;0;0;0;0;0;0;0;3;8;2017-04-07
187;"141176.jpg";"Jevtovic";197;"a";141176;"Milan";"Jevtovic";26;"";76;NA;NA;"0.9";"1.8";1;0;-1;0;FALSE;1;"11.3";"7.0";189;3327;97;826;0;0;0;0;14;6;"7.0";"7.0";"7.0";FALSE;154;1;1;2;0;0;0;0;0;0;0;0;3;8;2017-04-07
188;"179306.jpg";"Lundemo";197;"i";179306;"Marius";"Lundemo";25;"Ankel - Antatt tilbake i mai";65;NA;NA;"0.0";"0.0";0;0;0;0;FALSE;0;"0.2";"0.0";70;0;17;0;0;0;0;0;0;0;"0.0";"0.0";"0.0";FALSE;0;0;0;0;0;0;0;0;0;0;0;0;3;8;2017-04-07
189;"184368.jpg";"Sæter";197;"n";184368;"John Hou";"Sæter";17;"Sykdom";50;NA;NA;"0.0";"0.0";0;0;0;0;FALSE;0;"0.1";"0.0";17;1;6;0;0;0;0;0;0;0;"0.0";"0.0";"0.0";FALSE;0;0;0;0;0;0;0;0;0;0;0;0;3;8;2017-04-07
190;"55896.jpg";"Vilhjálmsson";197;"a";55896;"Matthías";"Vilhjálmsson";10;"";84;NA;NA;"0.5";"1.0";-1;-1;1;1;FALSE;0;"2.5";"4.0";499;147;91;43;0;0;0;0;8;8;"8.0";"4.0";"4.0";FALSE;90;1;0;1;0;0;0;0;0;0;2;0;4;8;2017-04-07
191;"81888.jpg";"Bakenga";197;"a";81888;"Mushaga";"Bakenga";27;"";104;NA;NA;"0.1";"0.3";-1;-1;1;1;FALSE;0;"4.1";"1.5";995;99;293;16;0;0;0;0;3;2;"1.5";"2.0";"2.0";FALSE;86;0;0;1;0;0;0;0;0;0;0;0;4;8;2017-04-07
192;"200813.jpg";"Helmersen";197;"i";200813;"Andreas";"Helmersen";19;"Kne - Antatt tilbake i september";45;NA;NA;"0.0";"0.0";0;0;0;0;FALSE;0;"0.1";"0.0";28;1;8;1;0;0;0;0;0;0;"0.0";"0.0";"0.0";FALSE;0;0;0;0;0;0;0;0;0;0;0;0;4;8;2017-04-07
193;"55746.jpg";"Hedenstad";197;"a";55746;"Vegar";"Hedenstad";2;"";65;NA;NA;"1.1";"2.2";0;0;0;0;FALSE;0;"15.6";"7.0";263;712;80;344;0;0;0;0;14;8;"7.0";"7.0";"7.0";FALSE;180;0;1;2;0;0;0;1;0;0;0;0;2;8;2017-04-07
194;"27697.jpg";"Bendtner";197;"a";27697;"Nicklas";"Bendtner";9;"";125;NA;NA;"0.5";"1.0";0;0;0;0;FALSE;0;"48.5";"6.0";525;1989;103;961;0;0;0;0;12;5;"6.0";"6.0";"6.0";FALSE;118;2;0;1;0;0;0;0;0;0;1;0;4;8;2017-04-07
195;"96134.jpg";"Øvretveit";3334;"a";96134;"Øystein";"Øvretveit";12;"";40;NA;NA;"0.0";"0.0";0;0;0;0;FALSE;0;"2.2";"0.0";56;24;15;6;0;0;0;0;0;0;"0.0";"0.0";"0.0";FALSE;0;0;0;0;0;0;0;0;0;0;0;0;1;9;2017-04-07
196;"97669.jpg";"Jónsson";3334;"a";97669;"Ingvar";"Jónsson";1;"";45;NA;NA;"0.3";"0.7";0;0;0;0;FALSE;0;"0.7";"1.5";19;13;4;3;0;0;0;0;3;1;"1.5";"2.0";"2.0";FALSE;180;0;0;0;5;0;0;0;0;3;0;0;1;9;2017-04-07
197;"27772.jpg";"Gabrielsen";3334;"d";27772;"Alexander";"Gabrielsen";5;"Strekk - 75% sjanse for å spille";45;NA;NA;"0.0";"0.0";0;0;0;0;FALSE;0;"0.6";"0.0";88;0;28;0;0;0;0;0;0;0;"0.0";"0.0";"0.0";FALSE;0;0;0;0;0;0;0;0;0;0;0;0;2;9;2017-04-07
198;"95529.jpg";"Grorud";3334;"d";95529;"Lars";"Grorud";2;"Strekk - 75% sjanse for å spille";45;NA;NA;"0.0";"0.0";0;0;0;0;FALSE;0;"0.2";"0.0";27;1;10;0;0;0;0;0;0;0;"0.0";"0.0";"0.0";FALSE;0;0;0;0;0;0;0;0;0;0;0;0;2;9;2017-04-07
199;"164630.jpg";"Olsen Solberg";3334;"a";164630;"Joachim";"Olsen Solberg";17;"";45;NA;NA;"-0.1";"-0.2";0;0;0;0;FALSE;0;"1.3";"-0.5";102;16;46;2;0;0;0;0;-1;0;"-1.0";"0.0";"0.0";FALSE;90;0;0;0;2;0;0;0;0;0;0;1;2;9;2017-04-07
200;"247787.jpg";"Jablinski";3334;"a";247787;"Kevin";"Jablinski";20;"";40;NA;NA;"0.0";"0.0";0;0;0;0;FALSE;0;"1.1";"0.0";69;4;29;0;0;0;0;0;0;0;"0.0";"0.0";"0.0";FALSE;0;0;0;0;0;0;0;0;0;0;0;0;2;9;2017-04-07
201;"202252.jpg";"Hansen";3334;"a";202252;"Christer";"Hansen";4;"";45;NA;NA;"0.2";"0.4";0;0;0;0;FALSE;0;"0.3";"1.0";17;7;13;3;0;0;0;0;2;1;"1.0";"1.0";"1.0";FALSE;180;0;0;0;5;0;0;0;0;0;0;0;2;9;2017-04-07
202;"225872.jpg";"Gana Kane";3334;"a";225872;"El-Hadji";"Gana Kane";16;"";40;NA;NA;"0.3";"0.5";0;0;0;0;FALSE;0;"1.8";"1.0";63;234;17;60;0;0;0;0;2;1;"1.0";"1.0";"1.0";FALSE;176;0;0;0;5;0;0;0;0;0;0;0;2;9;2017-04-07
203;"245741.jpg";"Seck";3334;"a";245741;"Abdoulaye";"Seck";3;"";40;NA;NA;"0.1";"0.3";0;0;0;0;FALSE;0;"0.8";"0.5";23;31;7;16;0;0;0;0;1;1;"0.5";"1.0";"1.0";FALSE;180;0;0;0;5;0;0;1;0;0;0;0;2;9;2017-04-07
204;"47608.jpg";"Bendiksen";3334;"d";47608;"Thomas";"Bendiksen";7;"Sykdom - 25% sjanse for å spille";54;NA;NA;"0.0";"0.0";-1;-1;1;1;FALSE;0;"0.7";"0.0";154;4;70;0;0;0;0;0;0;0;"0.0";"0.0";"0.0";FALSE;0;0;0;0;0;0;0;0;0;0;0;0;3;9;2017-04-07
205;"56430.jpg";"Vallés";3334;"a";56430;"Enric";"Vallés";15;"";45;NA;NA;"0.4";"0.9";0;0;0;0;FALSE;0;"1.7";"2.0";67;533;29;230;0;0;0;0;4;2;"2.0";"2.0";"2.0";FALSE;180;0;0;0;5;0;0;0;0;0;0;0;3;9;2017-04-07
206;"62002.jpg";"Storbaek";3334;"a";62002;"Håvard";"Storbaek";9;"";55;NA;NA;"0.5";"1.1";0;0;0;0;FALSE;0;"1.0";"3.0";36;77;19;21;0;0;0;0;6;2;"3.0";"3.0";"3.0";FALSE;180;0;0;0;5;0;0;1;0;0;3;0;3;9;2017-04-07
207;"62040.jpg";"Mjelde";3334;"i";62040;"Erik";"Mjelde";8;"Lysk";60;NA;NA;"0.0";"0.0";0;0;0;0;FALSE;0;"1.4";"0.0";474;5;172;0;0;0;0;0;0;0;"0.0";"0.0";"0.0";FALSE;0;0;0;0;0;0;0;0;0;0;0;0;3;9;2017-04-07
208;"178436.jpg";"Morer Vicente";3334;"a";178436;"Pau";"Morer Vicente";6;"";50;NA;NA;"0.4";"0.8";0;0;0;0;FALSE;0;"0.4";"2.0";12;41;6;7;0;0;0;0;4;1;"2.0";"2.0";"2.0";FALSE;125;0;0;1;0;0;0;0;0;0;0;0;3;9;2017-04-07
209;"202250.jpg";"Sødlund";3334;"a";202250;"Andrè";"Sødlund";22;"";45;NA;NA;"0.2";"0.4";0;0;0;0;FALSE;0;"1.7";"1.0";65;40;35;14;0;0;0;0;2;1;"1.0";"1.0";"1.0";FALSE;69;0;0;0;5;0;0;0;0;0;0;0;3;9;2017-04-07
210;"202260.jpg";"Kurtovic";3334;"a";202260;"William";"Kurtovic";18;"";50;NA;NA;"0.4";"0.8";0;0;0;0;FALSE;0;"1.0";"2.0";31;66;14;10;0;0;0;0;4;1;"2.0";"2.0";"2.0";FALSE;156;0;0;1;3;0;0;1;0;0;0;0;3;9;2017-04-07
211;"35220.jpg";"Kovács";3334;"a";35220;"Peter";"Kovács";10;"";54;NA;NA;"0.1";"0.2";-1;-1;1;1;FALSE;0;"2.9";"0.5";493;21;177;6;0;0;0;0;1;0;"1.0";"1.0";"1.0";FALSE;10;0;0;0;2;0;0;0;0;0;0;0;4;9;2017-04-07
212;"88564.jpg";"Kastrati";3334;"a";88564;"Flamur";"Kastrati";11;"";60;NA;NA;"0.8";"1.5";0;0;0;0;FALSE;0;"2.3";"4.5";153;317;76;71;0;0;0;0;9;1;"4.5";"5.0";"5.0";FALSE;152;1;0;1;3;0;0;1;0;0;2;0;4;9;2017-04-07
213;"161274.jpg";"Lorentzen";3334;"a";161274;"Håkon";"Lorentzen";21;"";45;NA;NA;"0.0";"0.0";0;0;0;0;FALSE;0;"1.2";"0.0";126;24;54;11;0;0;0;0;0;0;"0.0";"0.0";"0.0";FALSE;0;0;0;0;0;0;0;0;0;0;0;0;4;9;2017-04-07
214;"178458.jpg";"Kebbie";3334;"a";178458;"Elliott";"Kebbie";14;"";45;NA;NA;"0.2";"0.4";0;0;0;0;FALSE;0;"0.2";"1.0";26;3;5;2;0;0;0;0;2;2;"2.0";"1.0";"1.0";FALSE;72;0;0;0;1;0;0;0;0;0;0;0;2;9;2017-04-07
215;"107421.jpg";"Kristiansen";2997;"a";107421;"Anders";"Kristiansen Aasheim";21;"";50;NA;NA;"0.6";"1.2";0;0;0;0;FALSE;0;"5.6";"3.0";184;326;71;122;0;0;0;0;6;3;"3.0";"3.0";"3.0";FALSE;180;0;0;0;2;0;0;0;0;8;0;0;1;10;2017-04-07
216;"198885.jpg";"Cupic";2997;"a";198885;"Stefan";"Cupic";1;"";50;NA;NA;"0.0";"0.0";0;0;0;0;FALSE;0;"0.4";"0.0";65;5;19;1;0;0;0;0;0;0;"0.0";"0.0";"0.0";FALSE;0;0;0;0;0;0;0;0;0;0;0;0;1;10;2017-04-07
217;"57338.jpg";"Anders Østli";2997;"a";57338;"Anders";"Østli";20;"";49;NA;NA;"0.0";"0.0";-1;-1;1;1;FALSE;0;"1.2";"0.0";260;7;66;2;0;0;0;0;0;0;"0.0";"0.0";"0.0";FALSE;0;0;0;0;0;0;0;0;0;0;0;0;2;10;2017-04-07
218;"61956.jpg";"Thomassen";2997;"d";61956;"Joachim";"Thomassen";16;"Legg - 75% sjanse for å spille";55;NA;NA;"0.3";"0.5";0;0;0;0;FALSE;0;"3.5";"1.5";389;33;242;4;0;0;0;0;3;1;"1.5";"2.0";"2.0";FALSE;112;0;0;0;2;0;0;0;0;0;0;0;2;10;2017-04-07
219;"62004.jpg";"Sundli";2997;"a";62004;"Morten";"Sundli";4;"";45;NA;NA;"0.0";"0.0";0;0;0;0;FALSE;0;"1.2";"0.0";210;8;70;1;0;0;0;0;0;0;"0.0";"0.0";"0.0";FALSE;0;0;0;0;0;0;0;0;0;0;0;0;2;10;2017-04-07
220;"64091.jpg";"Toivomäki";2997;"a";64091;"Henri";"Toivomäki";3;"";45;NA;NA;"0.1";"0.2";0;0;0;0;FALSE;0;"0.6";"0.5";76;10;18;7;0;0;0;0;1;1;"1.0";"1.0";"1.0";FALSE;36;0;0;0;0;0;0;0;0;0;0;0;2;10;2017-04-07
221;"95601.jpg";"Heiren Hansen";2997;"a";95601;"Ole";"Heiren Hansen";13;"";50;NA;NA;"0.0";"0.0";0;0;0;0;FALSE;0;"0.2";"0.0";49;2;8;0;0;0;0;0;0;0;"0.0";"0.0";"0.0";FALSE;0;0;0;0;0;0;0;0;0;0;0;0;2;10;2017-04-07
222;"111807.jpg";"Groven";2997;"a";111807;"Alexander";"Groven";29;"";49;NA;NA;"0.0";"0.0";-1;-1;1;1;FALSE;0;"1.7";"0.0";355;0;109;0;0;0;0;0;0;0;"0.0";"0.0";"0.0";FALSE;0;0;0;0;0;0;0;0;0;0;0;0;2;10;2017-04-07
223;"206557.jpg";"Rosted";2997;"a";206557;"Sigurd";"Rosted";15;"";56;NA;NA;"1.7";"3.4";1;0;-1;0;TRUE;1;"16.1";"9.5";100;4607;57;1500;0;0;0;0;19;2;"9.5";"10.0";"10.0";FALSE;180;2;0;0;2;0;0;0;0;0;3;0;2;10;2017-04-07
224;"235899.jpg";"Albech";2997;"a";235899;"Andreas";"Albech";2;"";50;NA;NA;"0.2";"0.4";0;0;0;0;FALSE;0;"6.2";"1.0";435;125;254;24;0;0;0;0;2;0;"1.0";"1.0";"1.0";FALSE;144;0;0;0;2;0;0;1;0;0;0;0;2;10;2017-04-07
225;"39740.jpg";"Lund Nielsen";2997;"a";39740;"Matti";"Lund Nielsen";5;"";55;NA;NA;"0.4";"0.7";0;0;0;0;FALSE;0;"0.7";"2.0";42;47;18;11;0;0;0;0;4;2;"2.0";"2.0";"2.0";FALSE;179;0;0;0;2;0;0;1;0;0;1;0;3;10;2017-04-07
226;"81832.jpg";"Hovda";2997;"a";81832;"Tor Øyvinder";"Hovda";18;"";45;NA;NA;"0.1";"0.2";0;0;0;0;FALSE;0;"0.9";"0.5";64;51;36;10;0;0;0;0;1;0;"1.0";"1.0";"1.0";FALSE;1;0;0;0;0;0;0;0;0;0;0;0;3;10;2017-04-07
227;"109022.jpg";"Tveita";2997;"a";109022;"Jon-Helge";"Tveita";22;"";50;NA;NA;"0.0";"0.0";0;0;0;0;FALSE;0;"0.5";"0.0";57;5;22;1;0;0;0;0;0;0;"0.0";"0.0";"0.0";FALSE;0;0;0;0;0;0;0;0;0;0;0;0;3;10;2017-04-07
228;"121176.jpg";"Trondsen";2997;"a";121176;"Anders";"Trondsen";6;"";70;NA;NA;"1.1";"2.3";0;0;0;0;TRUE;1;"12.5";"8.0";298;2050;33;1990;0;0;0;0;16;14;"8.0";"8.0";"8.0";FALSE;180;0;3;0;2;0;0;0;0;0;3;0;3;10;2017-04-07
229;"202253.jpg";"Normann Hansen";2997;"a";202253;"Kristoffer";"Normann Hansen";23;"";50;NA;NA;"0.0";"0.0";0;0;0;0;FALSE;0;"0.3";"0.0";49;6;17;1;0;0;0;0;0;0;"0.0";"0.0";"0.0";FALSE;0;0;0;0;0;0;0;0;0;0;0;0;3;10;2017-04-07
230;"207884.jpg";"Heintz";2997;"a";207884;"Tobias";"Heintz";14;"";45;NA;NA;"0.3";"0.7";0;0;0;0;FALSE;0;"1.4";"1.5";134;98;51;86;0;0;0;0;3;3;"3.0";"2.0";"2.0";FALSE;68;0;0;1;0;0;0;0;0;0;0;0;3;10;2017-04-07
231;"84457.jpg";"Halvorsen";2997;"a";84457;"Ole Jørgen";"Halvorsen";7;"";70;NA;NA;"0.3";"0.6";0;0;0;0;FALSE;0;"4.3";"2.0";219;24;84;8;0;0;0;0;4;2;"2.0";"2.0";"2.0";FALSE;172;0;0;0;2;0;0;0;0;0;0;0;3;10;2017-04-07
232;"79343.jpg";"Jørgensen";2997;"a";79343;"Joachim";"Jørgensen";11;"";55;NA;NA;"0.7";"1.5";0;0;0;0;FALSE;0;"1.0";"4.0";35;248;12;239;0;0;0;0;8;7;"4.0";"4.0";"4.0";FALSE;180;1;0;0;2;0;0;1;0;0;0;0;3;10;2017-04-07
233;"85050.jpg";"Mortensen";2997;"a";85050;"Patrick";"Mortensen";69;"";66;NA;NA;"1.3";"2.6";1;1;-1;-1;FALSE;1;"6.9";"8.5";175;2370;54;2265;0;0;0;0;17;12;"8.5";"9.0";"9.0";FALSE;180;2;1;0;2;0;0;0;0;0;2;0;4;10;2017-04-07
234;"85676.jpg";"Lindberg";2997;"a";85676;"Jonas";"Lindberg";10;"";56;NA;NA;"1.0";"2.0";1;1;-1;-1;FALSE;1;"10.6";"5.5";307;2460;213;378;0;0;0;0;11;2;"5.5";"6.0";"6.0";FALSE;151;0;2;0;2;0;0;0;0;0;1;0;4;10;2017-04-07
235;"215654.jpg";"Kachi";2997;"u";215654;"Kachi";"";8;"Utilgjengelig";55;0;0;"0.0";"0.0";0;0;0;0;FALSE;0;"0.1";"0.0";53;1;14;0;0;0;0;0;0;0;"0.0";"0.0";"0.0";FALSE;0;0;0;0;0;0;0;0;0;0;0;0;4;10;2017-04-07
236;"247412.jpg";"Larsen";2997;"a";247412;"Jörgen Strand";"Larsen";45;"";45;NA;NA;"0.0";"0.0";0;0;0;0;FALSE;0;"0.5";"0.0";59;22;19;2;0;0;0;0;0;0;"0.0";"0.0";"0.0";FALSE;0;0;0;0;0;0;0;0;0;0;0;0;4;10;2017-04-07
237;"215653.jpg";"Dickson Mbedule";2997;"u";215653;"Amani";"Dickson Mbedule";24;"Utilgjengelig";50;0;0;"0.0";"0.0";0;0;0;0;FALSE;0;"0.2";"0.0";88;3;17;1;0;0;0;0;0;0;"0.0";"0.0";"0.0";FALSE;0;0;0;0;0;0;0;0;0;0;0;0;4;10;2017-04-07
238;"247788.jpg";"Zachariassen";2997;"a";247788;"Kristoffer";"Zachariassen";17;"";56;NA;NA;"1.0";"2.0";1;0;-1;0;FALSE;1;"12.0";"5.5";198;4546;157;999;0;0;0;0;11;2;"5.5";"6.0";"6.0";FALSE;180;1;0;0;2;0;0;0;0;0;2;0;3;10;2017-04-07
239;"249956.jpg";"Diatta";2997;"a";249956;"Krepin";"Diatta";19;"";59;NA;NA;"0.1";"0.2";-1;-1;1;1;FALSE;0;"3.4";"0.5";684;33;382;1;0;0;0;0;1;0;"1.0";"1.0";"1.0";FALSE;8;0;0;0;0;0;0;0;0;0;0;0;3;10;2017-04-07
240;"117885.jpg";"Dyngeland";1250;"a";117885;"Matias";"Dyngeland";1;"";45;NA;NA;"0.4";"0.9";0;0;0;0;FALSE;0;"8.1";"2.0";199;150;82;69;0;0;0;0;4;3;"2.0";"2.0";"2.0";FALSE;180;0;0;0;4;0;0;0;0;7;0;0;1;11;2017-04-07
241;"223995.jpg";"Rutlin";1250;"a";223995;"Kristian";"Rutlin";21;"";40;NA;NA;"0.0";"0.0";0;0;0;0;FALSE;0;"0.9";"0.0";17;12;5;5;0;0;0;0;0;0;"0.0";"0.0";"0.0";FALSE;0;0;0;0;0;0;0;0;0;0;0;0;1;11;2017-04-07
242;"39724.jpg";"Teniste";1250;"a";39724;"Taijo";"Teniste";2;"";50;NA;NA;"0.3";"0.6";0;0;0;0;FALSE;0;"1.8";"1.5";84;26;26;5;0;0;0;0;3;2;"1.5";"2.0";"2.0";FALSE;180;0;0;0;4;0;0;0;0;0;0;0;2;11;2017-04-07
243;"97349.jpg";"Skaasheim";1250;"a";97349;"Eirik";"Skaasheim";24;"";40;NA;NA;"0.3";"0.5";0;0;0;0;FALSE;0;"2.5";"1.0";107;105;31;83;0;0;0;0;2;2;"2.0";"1.0";"1.0";FALSE;90;0;0;0;1;0;0;0;0;0;0;0;2;11;2017-04-07
244;"160211.jpg";"Utvik";1250;"a";160211;"Bjørn Inge";"Utvik";3;"";45;NA;NA;"1.3";"2.7";0;0;0;0;FALSE;1;"5.1";"6.0";104;747;27;713;0;0;0;0;12;11;"6.0";"6.0";"6.0";FALSE;180;0;2;0;4;0;0;0;0;0;3;0;2;11;2017-04-07
245;"192781.jpg";"Psyché";1250;"a";192781;"Christophe";"Psyché";17;"";50;NA;NA;"0.3";"0.6";0;0;0;0;FALSE;0;"2.1";"1.5";119;19;53;2;0;0;0;0;3;2;"1.5";"2.0";"2.0";FALSE;180;0;0;0;4;0;0;0;0;0;0;0;2;11;2017-04-07
246;"63785.jpg";"Furebotn";1250;"a";63785;"Henrik";"Furebotn";6;"";50;NA;NA;"0.4";"0.8";0;0;0;0;FALSE;0;"2.0";"2.0";89;101;42;16;0;0;0;0;4;2;"2.0";"2.0";"2.0";FALSE;180;0;0;0;4;0;0;0;0;0;0;0;3;11;2017-04-07
247;"83643.jpg";"Schulze";1250;"a";83643;"Eirik";"Schulze";7;"";50;NA;NA;"0.2";"0.4";0;0;0;0;FALSE;0;"0.2";"1.0";15;4;7;1;0;0;0;0;2;1;"1.0";"1.0";"1.0";FALSE;21;0;0;0;0;0;0;0;0;0;0;0;3;11;2017-04-07
248;"100045.jpg";"Birkelund";1250;"a";100045;"Eirik";"Birkelund";27;"";50;NA;NA;"0.6";"1.2";0;0;0;0;FALSE;0;"0.8";"3.0";23;102;13;84;0;0;0;0;6;4;"3.0";"3.0";"3.0";FALSE;180;0;1;0;4;0;0;1;0;0;0;0;3;11;2017-04-07
249;"111850.jpg";"Sveen";1250;"i";111850;"Ole Amund";"Sveen";19;"Legg - Ubestemt tid";64;NA;NA;"0.4";"0.8";-1;-1;1;1;FALSE;0;"0.7";"2.5";287;9;182;1;0;0;0;0;5;4;"2.5";"3.0";"3.0";FALSE;42;0;1;0;0;0;0;0;0;0;0;0;4;11;2017-04-07
250;"168342.jpg";"Koomson";1250;"a";168342;"Gilbert";"Koomson";10;"";75;NA;NA;"0.7";"1.3";0;0;0;0;FALSE;0;"9.7";"5.0";290;277;48;173;0;0;0;0;10;8;"5.0";"5.0";"5.0";FALSE;177;1;0;0;4;0;0;0;0;0;1;0;3;11;2017-04-07
251;"223089.jpg";"Hove";1250;"a";223089;"Johan";"Hove";28;"";45;NA;NA;"0.0";"0.0";0;0;0;0;FALSE;0;"0.3";"0.0";19;5;5;0;0;0;0;0;0;0;"0.0";"0.0";"0.0";FALSE;0;0;0;0;0;0;0;0;0;0;0;0;3;11;2017-04-07
252;"223996.jpg";"Kjemhus";1250;"a";223996;"Lars Christian";"Kjemhus";22;"";54;NA;NA;"0.0";"0.0";-1;-1;1;1;FALSE;0;"0.2";"0.0";30;4;11;0;0;0;0;0;0;0;"0.0";"0.0";"0.0";FALSE;0;0;0;0;0;0;0;0;0;0;0;0;3;11;2017-04-07
253;"223997.jpg";"Øy";1250;"a";223997;"Edin";"Øy";23;"";45;NA;NA;"0.0";"0.0";0;0;0;0;FALSE;0;"0.1";"0.0";9;4;4;2;0;0;0;0;0;0;"0.0";"0.0";"0.0";FALSE;0;0;0;0;0;0;0;0;0;0;0;0;3;11;2017-04-07
254;"224000.jpg";"Brekkhus";1250;"a";224000;"Simen";"Brekkhus";34;"";50;NA;NA;"0.1";"0.2";0;0;0;0;FALSE;0;"0.1";"0.5";13;1;3;1;0;0;0;0;1;1;"1.0";"1.0";"1.0";FALSE;20;0;0;0;0;0;0;0;0;0;0;0;3;11;2017-04-07
255;"230633.jpg";"Leikvoll Moberg";1250;"a";230633;"Vegard";"Moberg";16;"";40;NA;NA;"0.0";"0.0";0;0;0;0;FALSE;0;"0.7";"0.0";53;8;20;5;0;0;0;0;0;0;"0.0";"0.0";"0.0";FALSE;0;0;0;0;0;0;0;0;0;0;0;0;2;11;2017-04-07
256;"63984.jpg";"Bye";1250;"a";63984;"Bendik";"Bye";18;"";55;NA;NA;"1.5";"3.1";0;0;0;0;FALSE;1;"2.6";"8.5";66;969;36;820;0;0;0;0;17;12;"8.5";"9.0";"9.0";FALSE;159;2;1;0;4;0;0;0;0;0;2;0;4;11;2017-04-07
257;"212552.jpg";"Ramsland";1250;"a";212552;"Martin";"Ramsland";11;"";65;NA;NA;"0.6";"1.2";0;0;0;0;FALSE;0;"1.2";"4.0";61;241;38;28;0;0;0;0;8;2;"4.0";"4.0";"4.0";FALSE;159;1;0;0;4;0;0;0;0;0;0;0;4;11;2017-04-07
258;"224199.jpg";"Flo";1250;"a";224199;"Fredrik";"Flo";8;"";45;NA;NA;"0.0";"0.0";0;0;0;0;FALSE;0;"4.1";"0.0";500;84;201;30;0;0;0;0;0;0;"0.0";"0.0";"0.0";FALSE;0;0;0;0;0;0;0;0;0;0;0;0;4;11;2017-04-07
259;"209238.jpg";"Omenås";1250;"a";209238;"Tarjei Aase";"Omenås";13;"";40;NA;NA;"0.0";"0.0";0;0;0;0;FALSE;0;"0.4";"0.0";10;9;6;2;0;0;0;0;0;0;"0.0";"0.0";"0.0";FALSE;0;0;0;0;0;0;0;0;0;0;0;0;1;11;2017-04-07
260;"164400.jpg";"Grodås";1250;"a";164400;"Victor";"Grodås";5;"";45;NA;NA;"0.1";"0.2";0;0;0;0;FALSE;0;"1.6";"0.5";106;22;64;2;0;0;0;0;1;0;"1.0";"1.0";"1.0";FALSE;90;0;0;0;3;0;0;0;0;0;0;0;2;11;2017-04-07
261;"193398.jpg";"Steiring";1250;"a";193398;"Per-Magnus";"Steiring";15;"";40;NA;NA;"0.0";"0.0";0;0;0;0;FALSE;0;"1.7";"0.0";98;23;48;9;0;0;0;0;0;0;"0.0";"0.0";"0.0";FALSE;0;0;0;0;0;0;0;0;0;0;0;0;2;11;2017-04-07
262;"247413.jpg";"Nissen";1250;"a";247413;"Kasper";"Nissen";25;"";45;NA;NA;"0.0";"0.0";0;0;0;0;FALSE;0;"0.3";"0.0";23;5;9;1;0;0;0;0;0;0;"0.0";"0.0";"0.0";FALSE;0;0;0;0;0;0;0;0;0;0;0;0;3;11;2017-04-07
263;"247414.jpg";"Totland";1250;"u";247414;"Tomas Olai";"Totland";NA;"Utilgjengelig";45;0;0;"0.0";"0.0";0;0;0;0;FALSE;0;"0.2";"0.0";53;1;20;0;0;0;0;0;0;0;"0.0";"0.0";"0.0";FALSE;0;0;0;0;0;0;0;0;0;0;0;0;3;11;2017-04-07
264;"223998.jpg";"Ryland";1250;"u";223998;"Kristoffer";"Ryland";14;"Utilgjengelig";45;0;0;"0.0";"0.0";0;0;0;0;FALSE;0;"0.1";"0.0";14;0;4;0;0;0;0;0;0;0;"0.0";"0.0";"0.0";FALSE;0;0;0;0;0;0;0;0;0;0;0;0;3;11;2017-04-07
265;"185060.jpg";"Pedersen";1250;"a";185060;"Magnus";"Pedersen";26;"";45;NA;NA;"0.0";"0.0";0;0;0;0;FALSE;0;"0.2";"0.0";10;0;3;0;0;0;0;0;0;0;"0.0";"0.0";"0.0";FALSE;0;0;0;0;0;0;0;0;0;0;0;0;2;11;2017-04-07
266;"173519.jpg";"Nwakali";1250;"a";173519;"Chidiebere";"Nwakali";4;"";65;NA;NA;"0.3";"0.6";0;0;0;0;FALSE;0;"1.1";"2.0";63;29;32;4;0;0;0;0;4;2;"2.0";"2.0";"2.0";FALSE;142;0;0;0;4;0;0;0;0;0;0;0;3;11;2017-04-07
267;"44624.jpg";"Jónsson";1250;"a";44624;"Kristinn";"Jónsson";30;"";45;NA;NA;"0.0";"0.0";0;0;0;0;FALSE;0;"0.1";"0.0";18;0;5;0;0;0;0;0;0;0;"0.0";"0.0";"0.0";FALSE;0;0;0;0;0;0;0;0;0;0;0;0;2;11;2017-04-07
268;"114321.jpg";"Sayouba Mandé";278;"a";114321;"Sayouba";"Mande";1;"";45;NA;NA;"0.1";"0.2";0;0;0;0;FALSE;0;"6.1";"0.5";219;166;122;14;0;0;0;0;1;-1;"0.5";"1.0";"1.0";FALSE;180;0;0;0;5;0;0;0;0;4;0;1;1;12;2017-04-07
269;"195390.jpg";"Singh Sandhu";278;"a";195390;"Gurpreet";"Singh Sandhu";22;"";40;NA;NA;"0.0";"0.0";0;0;0;0;FALSE;0;"0.9";"0.0";28;9;5;4;0;0;0;0;0;0;"0.0";"0.0";"0.0";FALSE;0;0;0;0;0;0;0;0;0;0;0;0;1;12;2017-04-07
270;"229723.jpg";"Kjellevold";278;"a";229723;"Simen";"Kjellevold";24;"";40;NA;NA;"0.0";"0.0";0;0;0;0;FALSE;0;"0.4";"0.0";9;5;3;2;0;0;0;0;0;0;"0.0";"0.0";"0.0";FALSE;0;0;0;0;0;0;0;0;0;0;0;0;1;12;2017-04-07
271;"55737.jpg";"Skjønsberg";278;"a";55737;"Morten";"Skjønsberg";3;"";50;NA;NA;"0.2";"0.4";0;0;0;0;FALSE;0;"4.1";"1.0";204;51;115;4;0;0;0;0;2;0;"1.0";"1.0";"1.0";FALSE;180;0;0;0;5;0;0;0;0;0;0;0;2;12;2017-04-07
272;"179297.jpg";"Granli";278;"a";179297;"Daniel";"Granli";21;"";40;NA;NA;"0.0";"0.0";0;0;0;0;FALSE;0;"11.6";"0.0";1040;57;378;20;0;0;0;0;0;0;"0.0";"0.0";"0.0";FALSE;0;0;0;0;0;0;0;0;0;0;0;0;2;12;2017-04-07
273;"202639.jpg";"Epsung";278;"u";202639;"Jesper";"Epsung";90;"Utilgjengelig";40;0;0;"0.0";"0.0";0;0;0;0;FALSE;0;"0.2";"0.0";35;0;12;0;0;0;0;0;0;0;"0.0";"0.0";"0.0";FALSE;0;0;0;0;0;0;0;0;0;0;0;0;2;12;2017-04-07
274;"209020.jpg";"Hanche-Olsen";278;"a";209020;"Andreas";"Hanche-Olsen";16;"";45;NA;NA;"0.1";"0.2";0;0;0;0;FALSE;0;"1.0";"0.5";56;16;21;2;0;0;0;0;1;-1;"0.5";"1.0";"1.0";FALSE;180;0;0;0;5;0;0;1;0;0;0;0;2;12;2017-04-07
275;"224140.jpg";"Moe";278;"a";224140;"Jeppe";"Moe";18;"";40;NA;NA;"0.6";"1.3";0;0;0;0;FALSE;0;"12.4";"2.5";197;1899;120;450;0;0;0;0;5;0;"2.5";"3.0";"3.0";FALSE;180;0;1;0;5;0;0;0;0;0;0;0;2;12;2017-04-07
276;"215756.jpg";"Linnebo Race";278;"a";215756;"Edvard";"Linnebo Race";60;"";45;NA;NA;"0.0";"0.0";0;0;0;0;FALSE;0;"0.2";"0.0";22;1;4;0;0;0;0;0;0;0;"0.0";"0.0";"0.0";FALSE;0;0;0;0;0;0;0;0;0;0;0;0;2;12;2017-04-07
277;"84927.jpg";"Brochmann";278;"a";84927;"Tonny";"Brochmann";89;"";60;NA;NA;"0.4";"0.8";0;0;0;0;FALSE;0;"1.7";"2.5";80;80;42;6;0;0;0;0;5;2;"2.5";"3.0";"3.0";FALSE;173;0;0;0;5;0;0;0;0;0;1;0;3;12;2017-04-07
278;"91082.jpg";"Omoijuanfo";278;"d";91082;"Ohikhuaeme";"Omoijuanfo";99;"Halebein - 75% sjanse for å spille";70;NA;NA;"1.3";"2.6";5;0;-5;0;TRUE;1;"21.4";"9.0";1147;5041;797;341;0;0;0;0;18;2;"9.0";"9.0";"9.0";FALSE;157;3;0;0;5;0;0;1;0;0;3;0;4;12;2017-04-07
279;"130176.jpg";"Kassi";278;"a";130176;"Luc";"Kassi";28;"";60;NA;NA;"0.4";"0.8";0;0;0;0;FALSE;0;"2.4";"2.5";235;31;72;10;0;0;0;0;5;4;"2.5";"3.0";"3.0";FALSE;65;0;1;0;2;0;0;0;0;0;0;0;3;12;2017-04-07
280;"162328.jpg";"Lumanza-Lembi";278;"a";162328;"Tortol";"Lumanza-Lembi";67;"";50;NA;NA;"0.6";"1.2";0;0;0;0;FALSE;0;"1.9";"3.0";98;566;58;47;0;0;0;0;6;2;"3.0";"3.0";"3.0";FALSE;125;0;1;0;3;0;0;0;0;0;0;0;3;12;2017-04-07
281;"173913.jpg";"Njie";278;"a";173913;"Moussa";"Njie";11;"";55;NA;NA;"0.3";"0.5";0;0;0;0;FALSE;0;"11.1";"1.5";601;200;377;17;0;0;0;0;3;1;"1.5";"2.0";"2.0";FALSE;180;0;0;0;5;0;0;1;0;0;0;0;3;12;2017-04-07
282;"208395.jpg";"Østvold";278;"a";208395;"Marius";"Østvold";40;"";45;NA;NA;"0.0";"0.0";0;0;0;0;FALSE;0;"0.2";"0.0";18;6;6;3;0;0;0;0;0;0;"0.0";"0.0";"0.0";FALSE;0;0;0;0;0;0;0;0;0;0;0;0;3;12;2017-04-07
283;"216621.jpg";"Pedersen";278;"a";216621;"Sebastian";"Pedersen";79;"";50;NA;NA;"0.2";"0.4";0;0;0;0;FALSE;0;"0.5";"1.0";74;25;23;5;0;0;0;0;2;1;"1.0";"1.0";"1.0";FALSE;23;0;0;0;0;0;0;0;0;0;0;0;4;12;2017-04-07
284;"219497.jpg";"Bohinen";278;"a";219497;"Emil";"Bohinen";23;"";50;NA;NA;"0.0";"0.0";0;0;0;0;FALSE;0;"0.3";"0.0";42;4;12;2;0;0;0;0;0;0;"0.0";"0.0";"0.0";FALSE;0;0;0;0;0;0;0;0;0;0;0;0;3;12;2017-04-07
285;"243001.jpg";"Børkeeiet";278;"a";243001;"Tobias";"Børkeeiet";42;"";45;NA;NA;"0.0";"0.0";0;0;0;0;FALSE;0;"0.1";"0.0";7;1;0;0;0;0;0;0;0;0;"0.0";"0.0";"0.0";FALSE;0;0;0;0;0;0;0;0;0;0;0;0;3;12;2017-04-07
286;"111845.jpg";"Boli";278;"a";111845;"Franck";"Boli";77;"";64;NA;NA;"0.0";"0.0";-1;0;1;0;FALSE;0;"2.2";"0.0";758;28;187;5;0;0;0;0;0;0;"0.0";"0.0";"0.0";FALSE;0;0;0;0;0;0;0;0;0;0;0;0;4;12;2017-04-07
287;"227706.jpg";"Aanesland";278;"u";227706;"Markus";"Myre Aanesland";30;"Utilgjengelig";45;0;0;"0.0";"0.0";0;0;0;0;FALSE;0;"0.1";"0.0";13;0;5;0;0;0;0;0;0;0;"0.0";"0.0";"0.0";FALSE;0;0;0;0;0;0;0;0;0;0;0;0;4;12;2017-04-07
288;"244510.jpg";"Løken";278;"a";244510;"Oskar";"Løken";50;"";45;NA;NA;"0.0";"0.0";0;0;0;0;FALSE;0;"0.2";"0.0";19;12;4;5;0;0;0;0;0;0;"0.0";"0.0";"0.0";FALSE;0;0;0;0;0;0;0;0;0;0;0;0;4;12;2017-04-07
289;"62059.jpg";"Skogseid";278;"a";62059;"Håkon";"Skogseid";6;"";45;NA;NA;"0.2";"0.4";0;0;0;0;FALSE;0;"2.1";"1.0";122;34;71;3;0;0;0;0;2;0;"1.0";"1.0";"1.0";FALSE;180;0;0;0;5;0;0;0;0;0;0;0;2;12;2017-04-07
290;"247415.jpg";"Mauritz-Hansen";278;"a";247415;"Sindre ";"Mauritz-Hansen";9;"";49;NA;NA;"0.0";"0.0";-1;-1;1;1;FALSE;0;"0.2";"0.0";41;5;13;3;0;0;0;0;0;0;"0.0";"0.0";"0.0";FALSE;0;0;0;0;0;0;0;0;0;0;0;0;4;12;2017-04-07
291;"249957.jpg";"El-Amrani";278;"i";249957;"Ahmed";"El-Amrani";17;"Lysk - 0% sjanse for å spille";40;NA;NA;"0.1";"0.3";0;0;0;0;FALSE;0;"1.0";"0.5";123;36;68;2;0;0;0;0;1;0;"1.0";"1.0";"1.0";FALSE;23;0;0;0;0;0;0;0;0;0;0;0;2;12;2017-04-07
292;"249954.jpg";"Ødegård";278;"i";249954;"Tobias";"Ødegård";4;"Ukjent - 0% sjanse for å spille";40;NA;NA;"0.0";"0.0";0;0;0;0;FALSE;0;"0.6";"0.0";82;5;41;0;0;0;0;0;0;0;"0.0";"0.0";"0.0";FALSE;0;0;0;0;0;0;0;0;0;0;0;0;2;12;2017-04-07
293;"62034.jpg";"Pettersen";2364;"d";62034;"Espen Bugge";"Pettersen";1;"Skadet";49;NA;NA;"0.0";"0.0";-1;-1;1;1;FALSE;0;"1.5";"0.0";327;1;65;0;0;0;0;0;0;0;"0.0";"0.0";"0.0";FALSE;0;0;0;0;0;0;0;0;0;0;0;0;1;13;2017-04-07
294;"185998.jpg";"Sætra";2364;"u";185998;"Morten";"Sætra";40;"Utlån";40;0;0;"0.0";"0.0";0;0;0;0;FALSE;0;"0.4";"0.0";50;0;15;0;0;0;0;0;0;0;"0.0";"0.0";"0.0";FALSE;0;0;0;0;0;0;0;0;0;0;0;0;1;13;2017-04-07
295;"179758.jpg";"Makani";2364;"a";179758;"Sosha";"Makani";77;"";50;NA;NA;"0.2";"0.4";0;0;0;0;FALSE;0;"1.7";"1.0";103;43;49;7;0;0;0;0;2;0;"2.0";"1.0";"1.0";FALSE;90;0;0;0;1;0;0;0;0;1;0;0;1;13;2017-04-07
296;"60028.jpg";"Hamoud";2364;"d";60028;"Mounir";"Hamoud";2;"Strekk";49;NA;NA;"0.0";"0.0";-1;-1;1;1;FALSE;0;"1.4";"0.0";415;0;104;0;0;0;0;0;0;0;"0.0";"0.0";"0.0";FALSE;0;0;0;0;0;0;0;0;0;0;0;0;2;13;2017-04-07
297;"61986.jpg";"Madsen";2364;"a";61986;"Kim André";"Madsen";4;"";55;NA;NA;"0.1";"0.2";0;0;0;0;FALSE;0;"1.7";"0.5";179;8;31;4;0;0;0;0;1;1;"1.0";"1.0";"1.0";FALSE;90;0;0;0;3;0;0;0;0;0;0;0;2;13;2017-04-07
298;"62023.jpg";"Parr";2364;"a";62023;"Jonathan";"Parr";3;"";60;NA;NA;"0.5";"1.0";0;0;0;0;FALSE;0;"19.0";"3.0";431;327;189;90;0;0;0;0;6;1;"3.0";"3.0";"3.0";FALSE;180;0;1;0;4;0;0;0;0;0;0;0;2;13;2017-04-07
299;"81894.jpg";"Vilsvik";2364;"a";81894;"Lars-Christopher";"Vilsvik";26;"";60;NA;NA;"0.1";"0.2";0;0;0;0;FALSE;0;"23.2";"0.5";1070;117;457;37;0;0;0;0;1;-1;"0.5";"1.0";"1.0";FALSE;180;0;0;0;4;0;0;0;0;0;0;1;2;13;2017-04-07
300;"100099.jpg";"Høibråten";2364;"a";100099;"Marius";"Høibråten";28;"";50;NA;NA;"0.2";"0.4";0;0;0;0;FALSE;0;"1.1";"1.0";51;52;28;19;0;0;0;0;2;0;"2.0";"1.0";"1.0";FALSE;90;0;0;0;1;0;0;0;0;0;0;0;2;13;2017-04-07
301;"223964.jpg";"Glesnes";2364;"a";223964;"Jakob";"Glesnes";5;"";55;NA;NA;"0.3";"0.5";0;0;0;0;FALSE;0;"3.1";"1.5";105;45;38;24;0;0;0;0;3;1;"1.5";"2.0";"2.0";FALSE;180;0;0;0;4;0;0;0;0;0;0;0;2;13;2017-04-07
302;"224051.jpg";"Lindquist";2364;"u";224051;"Christopher";"Lindquist";17;"Utlån";45;0;0;"0.0";"0.0";0;0;0;0;FALSE;0;"0.2";"0.0";78;0;22;0;0;0;0;0;0;0;"0.0";"0.0";"0.0";FALSE;0;0;0;0;0;0;0;0;0;0;0;0;2;13;2017-04-07
303;"61978.jpg";"Ringstad";2364;"a";61978;"Stian ";"Ringstad";25;"";55;NA;NA;"0.2";"0.4";0;0;0;0;FALSE;0;"1.7";"1.0";135;6;33;3;0;0;0;0;2;1;"1.0";"1.0";"1.0";FALSE;65;0;0;0;1;0;0;0;0;0;0;0;2;13;2017-04-07
304;"224052.jpg";"Johansen";2364;"a";224052;"Sondre";"Johansen";46;"";40;0;0;"0.0";"0.0";0;0;0;0;FALSE;0;"0.9";"0.0";61;18;16;11;0;0;0;0;0;0;"0.0";"0.0";"0.0";FALSE;0;0;0;0;0;0;0;0;0;0;0;0;2;13;2017-04-07
305;"61979.jpg";"Tokstad";2364;"a";61979;"Kristoffer";"Tokstad";11;"";84;NA;NA;"0.2";"0.5";-1;-1;1;1;FALSE;0;"1.6";"2.0";423;16;63;12;0;0;0;0;4;2;"2.0";"2.0";"2.0";FALSE;154;0;0;0;4;0;0;0;0;0;0;0;3;13;2017-04-07
306;"96235.jpg";"Andersen";2364;"i";96235;"Eirik";"Andersen";23;"Lår";79;NA;NA;"0.0";"0.0";-1;-1;1;1;FALSE;0;"0.8";"0.0";522;5;123;0;0;0;0;0;0;0;"0.0";"0.0";"0.0";FALSE;0;0;0;0;0;0;0;0;0;0;0;0;3;13;2017-04-07
307;"103764.jpg";"Nguen";2364;"a";103764;"Tokmac";"Nguen";93;"";70;NA;NA;"0.6";"1.1";0;0;0;0;FALSE;0;"10.0";"4.0";292;1248;199;188;0;0;0;0;8;1;"4.0";"4.0";"4.0";FALSE;101;0;1;0;3;0;0;0;0;0;2;0;3;13;2017-04-07
308;"115596.jpg";"Júnior";2364;"a";115596;"Francisco";"Júnior";19;"";55;NA;NA;"0.3";"0.5";0;0;0;0;FALSE;0;"1.0";"1.5";62;34;19;11;0;0;0;0;3;2;"1.5";"2.0";"2.0";FALSE;116;0;0;0;3;0;0;0;0;0;0;0;3;13;2017-04-07
309;"182278.jpg";"Gjerstrøm";2364;"a";182278;"Mathias";"Gjerstrøm";21;"";45;NA;NA;"0.0";"0.0";0;0;0;0;FALSE;0;"0.4";"0.0";37;3;18;1;0;0;0;0;0;0;"0.0";"0.0";"0.0";FALSE;0;0;0;0;0;0;0;0;0;0;0;0;3;13;2017-04-07
310;"182402.jpg";"Sivodedov";2364;"a";182402;"Christian";"Sivodedov";13;"";55;NA;NA;"0.0";"0.0";0;0;0;0;FALSE;0;"0.1";"0.0";24;1;7;0;0;0;0;0;0;0;"0.0";"0.0";"0.0";FALSE;0;0;0;0;0;0;0;0;0;0;0;0;3;13;2017-04-07
311;"167043.jpg";"Jradi";2364;"a";167043;"Bassel";"Jradi";8;"";65;NA;NA;"0.2";"0.5";0;0;0;0;FALSE;0;"1.3";"1.5";80;57;37;12;0;0;0;0;3;1;"1.5";"2.0";"2.0";FALSE;105;0;0;0;3;0;0;0;0;0;0;0;3;13;2017-04-07
312;"55742.jpg";"Hauger";2364;"a";55742;"Henning";"Hauger";6;"";55;NA;NA;"0.4";"0.7";0;0;0;0;FALSE;0;"2.4";"2.0";111;69;39;26;0;0;0;0;4;2;"2.0";"2.0";"2.0";FALSE;160;0;0;0;2;0;0;0;0;0;0;0;3;13;2017-04-07
313;"229419.jpg";"Ahlander";2364;"u";229419;"Knut";"Ahlander";54;"Utlån";45;0;0;"0.0";"0.0";0;0;0;0;FALSE;0;"0.1";"0.0";20;0;4;0;0;0;0;0;0;0;"0.0";"0.0";"0.0";FALSE;0;0;0;0;0;0;0;0;0;0;0;0;3;13;2017-04-07
314;"61799.jpg";"Engblom";2364;"a";61799;"Pontus";"Engblom";9;"";84;NA;NA;"0.1";"0.1";-1;0;1;0;FALSE;0;"1.9";"0.5";767;8;141;2;0;0;0;0;1;1;"1.0";"1.0";"1.0";FALSE;20;0;0;0;2;0;0;0;0;0;0;0;4;13;2017-04-07
315;"61991.jpg";"Marcus Pedersen";2364;"a";61991;"Marcus";"Pedersen";10;"";105;NA;NA;"0.3";"0.7";0;0;0;0;FALSE;0;"14.3";"3.5";1050;248;399;105;0;0;0;0;7;2;"3.5";"4.0";"4.0";FALSE;160;1;0;0;2;0;0;1;0;0;0;0;4;13;2017-04-07
316;"62066.jpg";"Høiland";2364;"a";62066;"Tommy";"Høiland";7;"";70;NA;NA;"0.3";"0.6";0;0;0;0;FALSE;0;"2.0";"2.0";249;37;84;16;0;0;0;0;4;0;"4.0";"2.0";"2.0";FALSE;19;0;1;0;0;0;0;0;0;0;0;0;4;13;2017-04-07
317;"224956.jpg";"Agouda";2364;"a";224956;"Abdul-Basit";"Agouda";34;"";50;NA;NA;"0.0";"0.0";0;0;0;0;FALSE;0;"0.2";"0.0";33;6;11;1;0;0;0;0;0;0;"0.0";"0.0";"0.0";FALSE;0;0;0;0;0;0;0;0;0;0;0;0;4;13;2017-04-07
318;"235842.jpg";"Hoven";2364;"a";235842;"Andreas";"Hoven";66;"";45;NA;NA;"0.0";"0.0";0;0;0;0;FALSE;0;"0.4";"0.0";37;14;9;3;0;0;0;0;0;0;"0.0";"0.0";"0.0";FALSE;0;0;0;0;0;0;0;0;0;0;0;0;4;13;2017-04-07
319;"172621.jpg";"Tagbajumi";2364;"a";172621;"Marco";"Tagbajumi";33;"";76;NA;NA;"0.9";"1.8";1;1;-1;-1;FALSE;1;"9.5";"7.0";228;2673;157;695;0;0;0;0;14;2;"7.0";"7.0";"7.0";FALSE;180;2;0;0;4;0;0;1;0;0;3;0;4;13;2017-04-07
320;"57466.jpg";"Loncaric";310;"i";57466;"Filip";"Loncaric";12;"Ankel - 2 uker";45;NA;NA;"0.0";"0.0";0;0;0;0;FALSE;0;"0.7";"0.0";77;0;30;0;0;0;0;0;0;0;"0.0";"0.0";"0.0";FALSE;0;0;0;0;0;0;0;0;0;0;0;0;1;14;2017-04-07
321;"95510.jpg";"Kongshavn";310;"a";95510;"Gudmund";"Kongshavn";1;"";45;NA;NA;"0.7";"1.3";0;0;0;0;FALSE;0;"2.9";"3.0";58;358;26;160;0;0;0;0;6;3;"3.0";"3.0";"3.0";FALSE;180;0;0;0;2;0;0;0;0;7;0;0;1;14;2017-04-07
322;"202266.jpg";"Karlstrøm";310;"a";202266;"Jacob";"Karlstrøm";28;"";40;NA;NA;"0.0";"0.0";0;0;0;0;FALSE;0;"0.8";"0.0";18;8;8;3;0;0;0;0;0;0;"0.0";"0.0";"0.0";FALSE;0;0;0;0;0;0;0;0;0;0;0;0;1;14;2017-04-07
323;"61921.jpg";"Wangberg";310;"a";61921;"Simen";"Wangberg";22;"";50;NA;NA;"1.3";"2.6";0;0;0;0;FALSE;1;"9.5";"6.5";87;1161;37;400;0;0;0;0;13;4;"6.5";"7.0";"7.0";FALSE;180;1;0;0;2;0;0;0;0;0;3;0;2;14;2017-04-07
324;"81902.jpg";"Norbye";310;"a";81902;"Hans";"Norbye";14;"";45;NA;NA;"0.2";"0.4";0;0;0;0;FALSE;0;"5.4";"1.0";284;49;136;13;0;0;0;0;2;0;"2.0";"1.0";"1.0";FALSE;90;0;0;0;1;0;0;0;0;0;0;0;2;14;2017-04-07
325;"84125.jpg";"Ødegaard";310;"a";84125;"Magnar";"Ødegaard";5;"";45;NA;NA;"0.3";"0.7";0;0;0;0;FALSE;0;"1.4";"1.5";62;21;20;10;0;0;0;0;3;2;"1.5";"2.0";"2.0";FALSE;180;0;0;0;2;0;0;1;0;0;0;0;2;14;2017-04-07
326;"164722.jpg";"Antonsen";310;"a";164722;"Kent-Are";"Antonsen";3;"";45;NA;NA;"0.4";"0.9";0;0;0;0;FALSE;0;"0.8";"2.0";27;33;6;20;0;0;0;0;4;2;"2.0";"2.0";"2.0";FALSE;180;0;0;0;2;0;0;0;0;0;0;0;2;14;2017-04-07
327;"185767.jpg";"Nilsen";310;"u";185767;"Lasse";"Nilsen";25;"Utilgjengelig";40;0;0;"0.0";"0.0";0;0;0;0;FALSE;0;"1.5";"0.0";208;5;71;1;0;0;0;0;0;0;"0.0";"0.0";"0.0";FALSE;0;0;0;0;0;0;0;0;0;0;0;0;2;14;2017-04-07
328;"202265.jpg";"Gundersen";310;"a";202265;"Jostein";"Gundersen";26;"";45;NA;NA;"0.1";"0.2";0;0;0;0;FALSE;0;"0.3";"0.5";21;4;7;2;0;0;0;0;1;1;"1.0";"1.0";"1.0";FALSE;90;0;0;0;1;0;0;1;0;0;0;0;2;14;2017-04-07
329;"213398.jpg";"Jenssen";310;"a";213398;"Ulrik";"Jenssen";8;"";50;NA;NA;"0.3";"0.6";0;0;0;0;FALSE;0;"1.7";"1.5";109;15;41;7;0;0;0;0;3;1;"1.5";"2.0";"2.0";FALSE;72;0;0;0;1;0;0;0;0;0;0;0;2;14;2017-04-07
330;"16058.jpg";"Pedersen";310;"a";16058;"Morten";"Gamst Pedersen";7;"";55;NA;NA;"0.7";"1.5";0;0;0;0;FALSE;0;"6.8";"4.0";112;1580;64;308;0;0;0;0;8;2;"4.0";"4.0";"4.0";FALSE;180;0;1;0;2;0;0;1;0;0;2;0;3;14;2017-04-07
331;"62063.jpg";"Landu Landu";310;"a";62063;"Christian";"Landu Landu";6;"";50;NA;NA;"0.2";"0.4";0;0;0;0;FALSE;0;"2.3";"1.0";184;43;52;12;0;0;0;0;2;1;"1.0";"1.0";"1.0";FALSE;109;0;0;0;1;0;0;1;0;0;0;0;3;14;2017-04-07
332;"63792.jpg";"Johansen";310;"a";63792;"Jonas";"Johansen";11;"";45;NA;NA;"0.0";"0.0";0;0;0;0;FALSE;0;"2.2";"0.0";170;18;58;2;0;0;0;0;0;0;"0.0";"0.0";"0.0";FALSE;0;0;0;0;0;0;0;0;0;0;0;0;3;14;2017-04-07
333;"63797.jpg";"Andersen";310;"a";63797;"Magnus";"Andersen";15;"";65;NA;NA;"0.5";"0.9";0;0;0;0;FALSE;0;"0.8";"3.0";59;8;14;5;0;0;0;0;6;5;"3.0";"3.0";"3.0";FALSE;109;0;1;0;1;0;0;0;0;0;0;0;3;14;2017-04-07
334;"87069.jpg";"Åsen";310;"a";87069;"Gjermund";"Åsen";23;"";59;NA;NA;"0.6";"1.2";-1;-1;1;1;FALSE;0;"1.6";"3.5";286;65;26;58;0;0;0;0;7;7;"7.0";"4.0";"4.0";FALSE;23;1;0;0;0;0;0;0;0;0;1;0;3;14;2017-04-07
335;"101124.jpg";"Frantzen";310;"a";101124;"William";"Frantzen";19;"";45;NA;NA;"0.0";"0.0";0;0;0;0;FALSE;0;"0.4";"0.0";15;5;8;2;0;0;0;0;0;0;"0.0";"0.0";"0.0";FALSE;0;0;0;0;0;0;0;0;0;0;0;0;3;14;2017-04-07
336;"172946.jpg";"Sigurðarson";310;"a";172946;"Aron";"Sigurðarson";17;"";65;NA;NA;"0.3";"0.6";0;0;0;0;FALSE;0;"5.9";"2.0";291;97;125;19;0;0;0;0;4;2;"2.0";"2.0";"2.0";FALSE;180;0;0;0;2;0;0;0;0;0;0;0;3;14;2017-04-07
337;"185766.jpg";"Ingebrigtsen";310;"a";185766;"Mikael";"Ingebrigtsen";24;"";60;NA;NA;"0.3";"0.5";0;0;0;0;FALSE;0;"0.6";"1.5";33;7;14;3;0;0;0;0;3;1;"1.5";"2.0";"2.0";FALSE;71;0;0;0;1;0;0;0;0;0;0;0;3;14;2017-04-07
338;"208021.jpg";"Michalsen";310;"a";208021;"Fredrik";"Michalsen";27;"";50;NA;NA;"0.0";"0.0";0;0;0;0;FALSE;0;"0.1";"0.0";9;1;2;0;0;0;0;0;0;0;"0.0";"0.0";"0.0";FALSE;0;0;0;0;0;0;0;0;0;0;0;0;3;14;2017-04-07
339;"171039.jpg";"Espejord";310;"i";171039;"Runar";"Espejord";30;"Ankel - 8-12 uker";59;NA;NA;"0.0";"0.0";-1;-1;1;1;FALSE;0;"1.3";"0.0";572;11;262;1;0;0;0;0;0;0;"0.0";"0.0";"0.0";FALSE;0;0;0;0;0;0;0;0;0;0;0;0;4;14;2017-04-07
340;"95471.jpg";"Vuk";310;"d";95471;"Slobodan";"Vuk";9;"Støtskade - Runde 3";69;NA;NA;"0.1";"0.3";-1;-1;1;1;FALSE;0;"1.0";"1.0";237;13;99;2;0;0;0;0;2;0;"2.0";"1.0";"1.0";FALSE;90;0;0;0;1;0;0;0;0;0;0;0;4;14;2017-04-07
341;"63734.jpg";"Lehne Olsen";310;"a";63734;"Thomas";"Lehne Olsen";10;"";65;NA;NA;"0.3";"0.6";0;0;0;0;FALSE;0;"3.4";"2.0";400;86;124;36;0;0;0;0;4;2;"2.0";"2.0";"2.0";FALSE;180;0;0;0;2;0;0;0;0;0;0;0;4;14;2017-04-07
342;"61776.jpg";"Sandberg";311;"a";61776;"Marcus";"Sandberg";1;"";50;NA;NA;"0.7";"1.4";0;0;0;0;FALSE;1;"4.9";"3.5";119;641;62;143;0;0;0;0;7;0;"3.5";"4.0";"4.0";FALSE;180;0;0;1;4;0;0;0;0;6;0;0;1;15;2017-04-07
343;"81897.jpg";"Falch";311;"a";81897;"Aslak";"Falch";30;"";45;NA;NA;"0.0";"0.0";0;0;0;0;FALSE;0;"0.4";"0.0";34;6;10;3;0;0;0;0;0;0;"0.0";"0.0";"0.0";FALSE;0;0;0;0;0;0;0;0;0;0;0;0;1;15;2017-04-07
344;"223081.jpg";"Klaesson";311;"a";223081;"Kristoffer";"Klaesson";13;"";40;NA;NA;"0.0";"0.0";0;0;0;0;FALSE;0;"0.6";"0.0";17;17;3;6;0;0;0;0;0;0;"0.0";"0.0";"0.0";FALSE;0;0;0;0;0;0;0;0;0;0;0;0;1;15;2017-04-07
345;"208947.jpg";"Moller";311;"u";208947;"Adrian Jonuzi";"Moller";34;"Utilgjengelig";40;0;0;"0.0";"0.0";0;0;0;0;FALSE;0;"0.8";"0.0";41;1;17;0;0;0;0;0;0;0;"0.0";"0.0";"0.0";FALSE;0;0;0;0;0;0;0;0;0;0;0;0;1;15;2017-04-07
346;"62018.jpg";"Jonatan Tollas";311;"a";62018;"Jonatan";"Tollås Nation";4;"";55;NA;NA;"0.5";"1.1";0;0;0;0;FALSE;0;"5.1";"3.0";155;111;70;35;0;0;0;0;6;0;"3.0";"3.0";"3.0";FALSE;180;0;0;1;4;0;0;0;0;0;0;0;2;15;2017-04-07
347;"66539.jpg";"Lundström";311;"a";66539;"Robert";"Lundström";5;"";55;NA;NA;"0.7";"1.5";0;0;0;0;FALSE;0;"5.1";"4.0";169;131;67;54;0;0;0;0;8;2;"4.0";"4.0";"4.0";FALSE;180;0;1;1;4;0;0;1;0;0;0;0;2;15;2017-04-07
348;"164716.jpg";"Näsberg";311;"a";164716;"Ivan";"Näsberg";22;"";50;NA;NA;"1.2";"2.4";0;0;0;0;FALSE;1;"5.7";"6.0";112;1947;78;476;0;0;0;0;12;1;"6.0";"6.0";"6.0";FALSE;151;0;1;1;3;0;0;0;0;0;2;0;2;15;2017-04-07
349;"206042.jpg";"Nakkim";311;"a";206042;"Markus";"Nakkim";2;"";50;NA;NA;"0.6";"1.2";0;0;0;0;FALSE;0;"5.7";"3.0";172;124;66;33;0;0;0;0;6;0;"3.0";"3.0";"3.0";FALSE;180;0;0;1;4;0;0;0;0;0;0;0;2;15;2017-04-07
350;"227453.jpg";"Sandrakumar";311;"a";227453;"Mathusan";"Sandrakumar";31;"";40;NA;NA;"0.0";"0.0";0;0;0;0;FALSE;0;"0.8";"0.0";42;18;16;2;0;0;0;0;0;0;"0.0";"0.0";"0.0";FALSE;0;0;0;0;0;0;0;0;0;0;0;0;2;15;2017-04-07
351;"233939.jpg";"Hay";311;"a";233939;"Kristoffer";"Hay";38;"";40;NA;NA;"0.0";"0.0";0;0;0;0;FALSE;0;"0.7";"0.0";38;22;18;10;0;0;0;0;0;0;"0.0";"0.0";"0.0";FALSE;0;0;0;0;0;0;0;0;0;0;0;0;2;15;2017-04-07
352;"26922.jpg";"Grindheim";311;"a";26922;"Christian";"Grindheim";19;"";70;NA;NA;"0.0";"0.0";0;0;0;0;FALSE;0;"4.0";"0.0";570;14;208;3;0;0;0;0;0;0;"0.0";"0.0";"0.0";FALSE;0;0;0;0;0;0;0;0;0;0;0;0;3;15;2017-04-07
353;"41414.jpg";"Holm";311;"i";41414;"Daniel Fredheim";"Holm";7;"Kne";64;NA;NA;"0.0";"0.0";-1;-1;1;1;FALSE;0;"0.9";"0.0";407;10;154;1;0;0;0;0;0;0;"0.0";"0.0";"0.0";FALSE;0;0;0;0;0;0;0;0;0;0;0;0;3;15;2017-04-07
354;"62003.jpg";"Lekven";311;"d";62003;"Magnus";"Lekven";8;"Rygg - 25% sjanse for å spille";54;NA;NA;"0.0";"0.0";-1;-1;1;1;FALSE;0;"1.5";"0.0";404;9;129;0;0;0;0;0;0;0;"0.0";"0.0";"0.0";FALSE;0;0;0;0;0;0;0;0;0;0;0;0;3;15;2017-04-07
355;"96123.jpg";"Stengel";311;"d";96123;"Herman";"Stengel";14;"Lysk - 25% sjanse for å spille";60;NA;NA;"0.4";"0.8";0;0;0;0;FALSE;0;"3.3";"2.5";416;111;204;9;0;0;0;0;5;2;"2.5";"3.0";"3.0";FALSE;180;0;0;1;4;0;0;0;0;0;0;0;3;15;2017-04-07
356;"124064.jpg";"Zahid";311;"a";124064;"Ghayas";"Zahid";10;"";105;NA;NA;"0.2";"0.5";0;0;0;0;FALSE;0;"15.7";"2.5";915;157;417;36;0;0;0;0;5;2;"2.5";"3.0";"3.0";FALSE;170;0;0;1;3;0;0;0;0;0;0;0;3;15;2017-04-07
357;"157311.jpg";"Agyiri";311;"i";157311;"Ernest";"Agyiri";39;"Kne";60;NA;NA;"0.0";"0.0";0;0;0;0;FALSE;0;"0.3";"0.0";109;2;37;0;0;0;0;0;0;0;"0.0";"0.0";"0.0";FALSE;0;0;0;0;0;0;0;0;0;0;0;0;3;15;2017-04-07
358;"170059.jpg";"Fridjónsson";311;"i";170059;"Samuel Kari";"Fridjónsson";27;"Korsbåndsskade";50;NA;NA;"0.0";"0.0";0;0;0;0;FALSE;0;"0.0";"0.0";12;0;0;0;0;0;0;0;0;0;"0.0";"0.0";"0.0";FALSE;0;0;0;0;0;0;0;0;0;0;0;0;3;15;2017-04-07
359;"178460.jpg";"Lindkvist";311;"a";178460;"Rasmus";"Lindkvist";9;"";70;NA;NA;"0.0";"0.0";0;0;0;0;FALSE;0;"3.2";"0.0";375;9;135;0;0;0;0;0;0;0;"0.0";"0.0";"0.0";FALSE;0;0;0;0;0;0;0;0;0;0;0;0;3;15;2017-04-07
360;"247417.jpg";"Dønnum";311;"i";247417;"Aron";"Dønnum";26;"Skade (ukjent)";45;NA;NA;"0.0";"0.0";0;0;0;0;FALSE;0;"0.2";"0.0";17;0;3;0;0;0;0;0;0;0;"0.0";"0.0";"0.0";FALSE;0;0;0;0;0;0;0;0;0;0;0;0;3;15;2017-04-07
361;"224094.jpg";"Juklerød";311;"a";224094;"Simen";"Juklerød";21;"";65;NA;NA;"0.3";"0.6";0;0;0;0;FALSE;0;"1.8";"2.0";84;139;45;31;0;0;0;0;4;1;"2.0";"2.0";"2.0";FALSE;155;0;0;1;4;0;0;1;0;0;0;0;3;15;2017-04-07
362;"224141.jpg";"Castro";311;"u";224141;"Niklas";"Castro";17;"Utilgjengelig";50;0;0;"0.0";"0.0";0;0;0;0;FALSE;0;"0.3";"0.0";79;5;22;0;0;0;0;0;0;0;"0.0";"0.0";"0.0";FALSE;0;0;0;0;0;0;0;0;0;0;0;0;3;15;2017-04-07
363;"233941.jpg";"Grødem";311;"a";233941;"Magnus Retsius";"Grødem";29;"";55;NA;NA;"0.5";"1.1";0;0;0;0;FALSE;0;"0.4";"3.0";32;31;8;29;0;0;0;0;6;6;"6.0";"3.0";"3.0";FALSE;29;1;0;0;1;0;0;0;0;0;0;0;3;15;2017-04-07
364;"245748.jpg";"Myhre";311;"i";245748;"Felix Horn";"Myhre";23;"Ryggskade";45;NA;NA;"0.0";"0.0";0;0;0;0;FALSE;0;"0.3";"0.0";26;2;3;1;0;0;0;0;0;0;"0.0";"0.0";"0.0";FALSE;0;0;0;0;0;0;0;0;0;0;0;0;3;15;2017-04-07
365;"56003.jpg";"Abdellaoue";311;"d";56003;"Mohammed";"Abdellaoue";25;"Ukjent - 25% sjanse for å spille";94;NA;NA;"0.1";"0.2";-1;-1;1;1;FALSE;0;"16.1";"1.0";6428;118;2006;18;0;0;0;0;2;0;"2.0";"1.0";"1.0";FALSE;90;0;0;1;0;0;0;0;0;0;0;0;4;15;2017-04-07
366;"106302.jpg";"Johansen";311;"a";106302;"Henrik Kjelsrud";"Johansen";20;"";65;NA;NA;"0.4";"0.8";0;0;0;0;FALSE;0;"0.4";"2.5";42;24;8;18;0;0;0;0;5;5;"5.0";"3.0";"3.0";FALSE;90;0;1;0;4;0;0;0;0;0;0;0;4;15;2017-04-07
367;"233940.jpg";"Elsebutangen";311;"a";233940;"Thomas";"Elsebutangen";28;"";45;NA;NA;"0.0";"0.0";0;0;0;0;FALSE;0;"0.6";"0.0";63;26;21;13;0;0;0;0;0;0;"0.0";"0.0";"0.0";FALSE;0;0;0;0;0;0;0;0;0;0;0;0;4;15;2017-04-07
368;"95524.jpg";"Finne";311;"a";95524;"Bård";"Finne";11;"";91;NA;NA;"0.6";"1.2";1;1;-1;-1;FALSE;0;"12.6";"5.5";327;2726;191;667;0;0;0;0;11;2;"5.5";"6.0";"6.0";FALSE;137;1;0;1;3;0;0;0;0;0;3;0;4;15;2017-04-07
369;"27769.jpg";"Austbø";312;"a";27769;"Iven";"Austbø";1;"";50;NA;NA;"0.4";"0.8";0;0;0;0;FALSE;0;"4.7";"2.0";132;98;71;5;0;0;0;0;4;1;"2.0";"2.0";"2.0";FALSE;180;0;0;0;3;0;0;0;0;4;0;0;1;16;2017-04-07
370;"207858.jpg";"Wichne";312;"a";207858;"Amund";"Wichne";15;"";45;NA;NA;"0.0";"0.0";0;0;0;0;FALSE;0;"0.2";"0.0";9;3;2;2;0;0;0;0;0;0;"0.0";"0.0";"0.0";FALSE;0;0;0;0;0;0;0;0;0;0;0;0;1;16;2017-04-07
371;"77244.jpg";"Mets";312;"a";77244;"Karol";"Mets";6;"";55;NA;NA;"0.3";"0.5";0;0;0;0;FALSE;0;"1.7";"1.5";68;26;34;1;0;0;0;0;3;1;"1.5";"2.0";"2.0";FALSE;180;0;0;0;3;0;0;0;0;0;0;0;2;16;2017-04-07
372;"103767.jpg";"Kronberg";312;"a";103767;"Claes Phillip";"Kronberg";22;"";50;NA;NA;"0.6";"1.2";0;0;0;0;FALSE;0;"1.1";"3.0";54;31;21;6;0;0;0;0;6;4;"3.0";"3.0";"3.0";FALSE;180;0;1;0;3;0;0;0;0;0;0;0;2;16;2017-04-07
373;"182170.jpg";"Martinsen";312;"a";182170;"Rasmus";"Martinsen";2;"";50;NA;NA;"0.0";"0.0";0;0;0;0;FALSE;0;"0.4";"0.0";30;2;11;1;0;0;0;0;0;0;"0.0";"0.0";"0.0";FALSE;0;0;0;0;0;0;0;0;0;0;0;0;2;16;2017-04-07
374;"213783.jpg";"Ryerson";312;"a";213783;"Julian";"Ryerson";18;"";45;NA;NA;"1.3";"2.7";0;0;0;0;FALSE;1;"9.8";"6.0";151;720;45;436;0;0;0;0;12;10;"6.0";"6.0";"6.0";FALSE;180;1;0;0;3;0;0;0;0;0;3;0;2;16;2017-04-07
375;"221235.jpg";"Steen";312;"u";221235;"Erik";"Steen";26;"Utilgjengelig";40;0;0;"0.0";"0.0";0;0;0;0;FALSE;0;"1.5";"0.0";177;5;64;0;0;0;0;0;0;0;"0.0";"0.0";"0.0";FALSE;0;0;0;0;0;0;0;0;0;0;0;0;2;16;2017-04-07
376;"116138.jpg";"Haugen";312;"a";116138;"Kristoffer";"Haugen";28;"";55;NA;NA;"0.2";"0.4";0;0;0;0;FALSE;0;"2.2";"1.0";78;22;52;2;0;0;0;0;2;0;"1.0";"1.0";"1.0";FALSE;180;0;0;0;3;0;0;1;0;0;0;0;2;16;2017-04-07
377;"62064.jpg";"Danielsen";312;"a";62064;"Andrè";"Danielsen";14;"";65;NA;NA;"0.3";"0.6";0;0;0;0;FALSE;0;"2.0";"2.0";102;67;47;5;0;0;0;0;4;2;"2.0";"2.0";"2.0";FALSE;180;0;0;0;3;0;0;0;0;0;0;0;3;16;2017-04-07
378;"66756.jpg";"Ernemann";312;"a";66756;"Steffen";"Ernemann";17;"";55;NA;NA;"0.3";"0.5";0;0;0;0;FALSE;0;"1.5";"1.5";86;108;55;12;0;0;0;0;3;1;"1.5";"2.0";"2.0";FALSE;180;0;0;0;3;0;0;1;0;0;0;0;3;16;2017-04-07
379;"80506.jpg";"Ibrahim";311;"a";80506;"Abdisalam";"Ibrahim";NA;"";60;NA;NA;"0.4";"0.8";0;0;0;0;FALSE;0;"2.3";"2.5";111;347;49;89;0;0;0;0;5;2;"2.5";"3.0";"3.0";FALSE;180;0;0;1;4;0;0;0;0;0;0;0;3;15;2017-04-07
380;"111801.jpg";"Haukås";312;"a";111801;"Michael";"Haukås";19;"";50;NA;NA;"0.3";"0.6";0;0;0;0;FALSE;0;"0.5";"1.5";24;70;15;7;0;0;0;0;3;1;"1.5";"2.0";"2.0";FALSE;103;0;0;0;2;0;0;0;0;0;0;0;3;16;2017-04-07
381;"111835.jpg";"Bytyqi";312;"a";111835;"Zymer";"Bytyqi";11;"";60;NA;NA;"0.3";"0.5";0;0;0;0;FALSE;0;"1.2";"1.5";83;100;53;9;0;0;0;0;3;1;"1.5";"2.0";"2.0";FALSE;122;0;0;0;2;0;0;0;0;0;0;0;3;16;2017-04-07
382;"158560.jpg";"Aasheim";312;"a";158560;"Tor Andre";"Aasheim";20;"";50;NA;NA;"0.0";"0.0";0;0;0;0;FALSE;0;"0.2";"0.0";11;5;6;1;0;0;0;0;0;0;"0.0";"0.0";"0.0";FALSE;0;0;0;0;0;0;0;0;0;0;0;0;3;16;2017-04-07
383;"206044.jpg";"Adegbenro";312;"a";206044;"Samuel";"Adegbenro";7;"";75;NA;NA;"0.0";"0.0";0;0;0;0;FALSE;0;"9.4";"0.0";1320;75;690;14;0;0;0;0;0;0;"0.0";"0.0";"0.0";FALSE;0;0;0;0;0;0;0;0;0;0;0;0;3;16;2017-04-07
384;"213784.jpg";"Kleppa";312;"a";213784;"Herman";"Kleppa";21;"";45;NA;NA;"0.0";"0.0";0;0;0;0;FALSE;0;"1.2";"0.0";55;24;20;5;0;0;0;0;0;0;"0.0";"0.0";"0.0";FALSE;0;0;0;0;0;0;0;0;0;0;0;0;3;16;2017-04-07
385;"221236.jpg";"Michalsen";312;"a";221236;"Stian";"Michalsen";30;"";55;NA;NA;"0.2";"0.4";0;0;0;0;FALSE;0;"0.6";"1.0";41;5;14;2;0;0;0;0;2;2;"2.0";"1.0";"1.0";FALSE;72;0;0;0;1;0;0;0;0;0;0;0;3;16;2017-04-07
386;"224092.jpg";"Usman Sale";312;"a";224092;"Usman Sani";"Sale Hassan";25;"";55;NA;NA;"0.0";"0.0";0;0;0;0;FALSE;0;"0.1";"0.0";6;1;2;1;0;0;0;0;0;0;"0.0";"0.0";"0.0";FALSE;0;0;0;0;0;0;0;0;0;0;0;0;3;16;2017-04-07
387;"168428.jpg";"Pedersen";312;"a";168428;"Patrick";"Pedersen";9;"";65;NA;NA;"0.1";"0.2";0;0;0;0;FALSE;0;"0.7";"0.5";95;18;37;5;0;0;0;0;1;0;"1.0";"1.0";"1.0";FALSE;24;0;0;0;0;0;0;0;0;0;0;0;4;16;2017-04-07
388;"221237.jpg";"Bringaker";312;"a";221237;"Mathias";"Bringaker";27;"";55;NA;NA;"0.3";"0.5";0;0;0;0;FALSE;0;"1.0";"1.5";107;23;47;6;0;0;0;0;3;2;"1.5";"2.0";"2.0";FALSE;77;0;0;0;1;0;0;0;0;0;0;0;4;16;2017-04-07
389;"224091.jpg";"Udo";312;"u";224091;"Aniekpeno";"Udo";17;"Utilgjengelig";50;0;0;"0.0";"0.0";0;0;0;0;FALSE;0;"0.4";"0.0";132;5;48;1;0;0;0;0;0;0;"0.0";"0.0";"0.0";FALSE;0;0;0;0;0;0;0;0;0;0;0;0;4;16;2017-04-07
390;"154559.jpg";"Ledger";312;"a";154559;"Michael";"Ledger";4;"";50;NA;NA;"0.2";"0.4";0;0;0;0;FALSE;0;"0.6";"1.0";32;66;22;4;0;0;0;0;2;-1;"1.0";"1.0";"1.0";FALSE;180;0;0;0;3;0;0;0;0;0;1;1;2;16;2017-04-07
391;"58276.jpg";"Appiah";312;"a";58276;"Kwesi";"Appiah";10;"";70;NA;NA;"0.2";"0.4";0;0;0;0;FALSE;0;"2.7";"1.5";325;149;178;12;0;0;0;0;3;1;"1.5";"2.0";"2.0";FALSE;84;0;0;0;2;0;0;0;0;0;0;0;4;16;2017-04-07
392;"224096.jpg";"Tafjord";2745;"a";224096;"Sigurd";"Tafjord";39;"";40;NA;NA;"0.0";"0.0";0;0;0;0;FALSE;0;"0.7";"0.0";33;8;10;2;0;0;0;0;0;0;"0.0";"0.0";"0.0";FALSE;0;0;0;0;0;0;0;0;0;0;0;0;2;1;2017-04-07
393;"227283.jpg";"Ari Jónsson";303;"a";227283;"Vidar";"Ari Jónsson";6;"";55;NA;NA;"0.0";"0.0";0;0;0;0;FALSE;0;"0.5";"0.0";74;3;22;2;0;0;0;0;0;0;"0.0";"0.0";"0.0";FALSE;0;0;0;0;0;0;0;0;0;0;0;0;2;2;2017-04-07
394;"66855.jpg";"Soares";3376;"n";66855;"Bruno";"Soares";NA;"Ikke tilgjengelig";50;NA;NA;"0.0";"0.0";0;0;0;0;FALSE;0;"0.3";"0.0";77;0;38;0;0;0;0;0;0;0;"0.0";"0.0";"0.0";FALSE;0;0;0;0;0;0;0;0;0;0;0;0;2;3;2017-04-07
395;"95686.jpg";"Haraldseid";3376;"i";95686;"Kristoffer";"Haraldseid";19;"Ukjent";50;NA;NA;"0.1";"0.2";0;0;0;0;FALSE;0;"1.2";"0.5";396;12;166;1;0;0;0;0;1;0;"1.0";"1.0";"1.0";FALSE;34;0;0;0;1;0;0;0;0;0;0;0;2;3;2017-04-07
396;"191865.jpg";"Bjørkkjær";3376;"a";191865;"Sverre";"Bjørkkjær";26;"";45;NA;NA;"0.0";"0.0";0;0;0;0;FALSE;0;"0.2";"0.0";19;3;6;3;0;0;0;0;0;0;"0.0";"0.0";"0.0";FALSE;0;0;0;0;0;0;0;0;0;0;0;0;2;3;2017-04-07
397;"223085.jpg";"Sandberg";305;"a";223085;"Erik Tobias";"Sandberg";24;"";40;NA;NA;"0.0";"0.0";0;0;0;0;FALSE;0;"1.1";"0.0";52;18;17;9;0;0;0;0;0;0;"0.0";"0.0";"0.0";FALSE;0;0;0;0;0;0;0;0;0;0;0;0;2;5;2017-04-07
398;"76126.jpg";"Udoji";305;"a";76126;"Chigozie";"Udoji";23;"";60;NA;NA;"0.5";"1.0";0;0;0;0;FALSE;0;"1.1";"3.0";83;79;17;64;0;0;0;0;6;5;"3.0";"3.0";"3.0";FALSE;117;0;1;0;1;0;0;0;0;0;0;0;3;5;2017-04-07
399;"206922.jpg";"Bredeli";2364;"u";206922;"Henrik";"Bredeli";18;"Utlån";40;0;0;"0.0";"0.0";0;0;0;0;FALSE;0;"0.1";"0.0";32;0;5;0;0;0;0;0;0;0;"0.0";"0.0";"0.0";FALSE;0;0;0;0;0;0;0;0;0;0;0;0;2;13;2017-04-07
400;"250437.jpg";"Ejuke";311;"a";250437;"Chidera";"Ejuke";40;"";55;NA;NA;"0.0";"0.0";0;0;0;0;FALSE;0;"0.0";"0.0";10;3;2;0;0;0;0;0;0;0;"0.0";"0.0";"0.0";FALSE;0;0;0;0;0;0;0;0;0;0;0;0;3;15;2017-04-07
401;"223098.jpg";"Larsen";307;"a";223098;"Marius";"Larsen";23;"";50;NA;NA;"0.0";"0.0";0;0;0;0;FALSE;0;"0.1";"0.0";13;9;5;3;0;0;0;0;0;0;"0.0";"0.0";"0.0";FALSE;0;0;0;0;0;0;0;0;0;0;0;0;4;7;2017-04-07
402;"131291.jpg";"Aase";310;"u";131291;"Peter";"Aase";NA;"Utilgjengelig";45;0;0;"0.0";"0.0";0;0;0;0;FALSE;0;"0.3";"0.0";40;3;15;0;0;0;0;0;0;0;"0.0";"0.0";"0.0";FALSE;0;0;0;0;0;0;0;0;0;0;0;0;3;14;2017-04-07
403;"61993.jpg";"Keita";311;"a";61993;"Muhamed";"Keita";17;"";85;NA;NA;"0.4";"0.8";0;0;0;0;FALSE;0;"7.8";"3.5";636;345;134;175;0;0;0;0;7;6;"3.5";"4.0";"4.0";FALSE;54;1;0;0;1;0;0;0;0;0;0;0;3;15;2017-04-07
404;"167718.jpg";"Gyasi";278;"i";167718;"Raymond";"Gyasi";7;"Strekk - 0% sjanse for å spille";50;NA;NA;"0.0";"0.0";0;0;0;0;FALSE;0;"0.2";"0.0";70;8;29;1;0;0;0;0;0;0;"0.0";"0.0";"0.0";FALSE;0;0;0;0;0;0;0;0;0;0;0;0;4;12;2017-04-07
405;"210519.jpg";"Kpozo";310;"a";210519;"Patrick";"Kpozo";NA;"";45;NA;NA;"0.0";"0.0";0;0;0;0;FALSE;0;"0.1";"0.0";8;2;4;0;0;0;0;0;0;0;"0.0";"0.0";"0.0";FALSE;0;0;0;0;0;0;0;0;0;0;0;0;2;14;2017-04-07
406;"209518.jpg";"Naglestad";3334;"a";209518;"Markus";"Naglestad";13;"";45;NA;NA;"0.2";"0.4";0;0;0;0;FALSE;0;"0.7";"1.0";53;224;31;78;0;0;0;0;2;1;"1.0";"1.0";"1.0";FALSE;46;0;0;0;4;0;0;0;0;0;0;0;4;9;2017-04-07
407;"420674.jpg";"Knezovic";3835;"a";420674;"Ante";"Knezovic";13;"";40;NA;NA;"0.0";"0.0";0;0;0;0;FALSE;0;"0.3";"0.0";10;7;3;2;0;0;0;0;0;0;"0.0";"0.0";"0.0";FALSE;0;0;0;0;0;0;0;0;0;0;0;0;1;4;2017-04-07
408;"62030.jpg";"Demba Bindia";3334;"a";62030;"Victor";"Demba Bindia";19;"";45;NA;NA;"0.0";"0.0";0;0;0;0;FALSE;0;"0.6";"0.0";23;66;17;4;0;0;0;0;0;-3;"0.0";"0.0";"0.0";FALSE;137;0;1;0;5;0;0;1;1;0;0;0;2;9;2017-04-07
409;"62024.jpg";"Jääger";311;"a";62024;"Enar";"Jääger";3;"";50;NA;NA;"0.2";"0.4";0;0;0;0;FALSE;0;"0.5";"1.0";43;11;14;5;0;0;0;0;2;1;"1.0";"1.0";"1.0";FALSE;10;0;0;0;1;0;0;0;0;0;0;0;2;15;2017-04-07
410;"250280.jpg";"Dioury";310;"n";250280;"Mehdi";"Dioury";4;"Utilgjengelig";40;NA;NA;"0.0";"0.0";0;0;0;0;FALSE;0;"0.3";"0.0";29;16;14;0;0;0;0;0;0;0;"0.0";"0.0";"0.0";FALSE;0;0;0;0;0;0;0;0;0;0;0;0;2;14;2017-04-07
411;"250278.jpg";"Mour Samb";310;"a";250278;"Elhadji Mour";"Samb";18;"";50;NA;NA;"0.2";"0.4";0;0;0;0;FALSE;0;"0.2";"1.0";17;30;5;13;0;0;0;0;2;2;"2.0";"1.0";"1.0";FALSE;67;0;0;0;1;0;0;0;0;0;0;0;4;14;2017-04-07
412;"112467.jpg";"Ba";278;"a";112467;"El-Hadji";"Ba";8;"";50;NA;NA;"0.5";"1.0";0;0;0;0;FALSE;0;"0.7";"2.5";28;241;23;27;0;0;0;0;5;2;"2.5";"3.0";"3.0";FALSE;164;0;0;0;5;0;0;1;0;0;2;0;3;12;2017-04-07
413;"93287.jpg";"Veldwijk";2745;"a";93287;"Lars";"Veldwijk";10;"";55;NA;NA;"0.2";"0.4";0;0;0;0;FALSE;0;"0.4";"1.0";53;60;30;8;0;0;0;0;2;1;"1.0";"1.0";"1.0";FALSE;64;0;0;0;0;0;0;0;0;0;0;0;4;1;2017-04-07
414;"113828.jpg";"Berntsen";311;"a";113828;"Daniel";"Berntsen";15;"";65;NA;NA;"0.1";"0.2";0;0;0;0;FALSE;0;"0.2";"0.5";24;13;12;2;0;0;0;0;1;0;"1.0";"1.0";"1.0";FALSE;14;0;0;0;0;0;0;0;0;0;0;0;3;15;2017-04-07
415;"133095.jpg";"Skoda";305;"a";133095;"Michal";"Skoda";27;"";60;NA;NA;"0.5";"1.0";0;0;0;0;FALSE;0;"0.7";"3.0";50;284;41;64;0;0;0;0;6;1;"3.0";"3.0";"3.0";FALSE;42;1;0;0;1;0;0;0;0;0;0;0;4;5;2017-04-07
416;"12028.jpg";"Fredrikson";310;"a";12028;"Otto";"Fredrikson";NA;"";40;NA;NA;"0.0";"0.0";0;0;0;0;FALSE;0;"0.0";"0.0";0;5;0;0;0;0;0;0;0;0;"0.0";"0.0";"0.0";FALSE;0;0;0;0;0;0;0;0;0;0;0;0;1;14;2017-04-07
417;"51539.jpg";"Atta";1250;"a";51539;"Walid";"Atta";NA;"";45;NA;NA;"0.0";"0.0";0;0;0;0;FALSE;0;"0.0";"0.0";0;0;0;0;0;0;0;0;0;0;"0.0";"0.0";"0.0";FALSE;0;0;0;0;0;0;0;0;0;0;0;0;2;11;2017-04-07
418;"77796.jpg";"Alex Nimely";278;"a";77796;"Alex";"Tchuimeni-Nimely";NA;"";55;NA;NA;"0.5";"0.9";0;0;0;0;FALSE;0;"0.2";"2.5";13;74;3;40;0;0;0;0;5;5;"5.0";"3.0";"3.0";FALSE;24;1;0;0;1;0;0;0;0;0;0;0;4;12;2017-04-07
419;"420596.jpg";"Gran";305;"a";420596;"Tobias";"Gran";16;"";45;NA;NA;"0.0";"0.0";0;0;0;0;FALSE;0;"0.1";"0.0";4;26;4;10;0;0;0;0;0;0;"0.0";"0.0";"0.0";FALSE;0;0;0;0;0;0;0;0;0;0;0;0;4;5;2017-04-07
420;"66513.jpg";"Fejzullahu";2997;"a";66513;"Erton";"Fejzullahu";NA;"";65;NA;NA;"0.2";"0.3";0;0;0;0;FALSE;0;"0.1";"1.0";6;42;3;1;0;0;0;0;2;1;"1.0";"1.0";"1.0";FALSE;29;0;0;0;0;0;0;0;0;0;0;0;4;10;2017-04-07
421;"420890.jpg";"Vetlesen";278;"a";420890;"Hugo";"Vetlesen";25;"";45;NA;NA;"0.3";"0.7";0;0;0;0;FALSE;0;"0.8";"1.5";26;382;13;35;0;0;0;0;3;1;"1.5";"2.0";"2.0";FALSE;146;0;0;0;4;0;0;0;0;0;0;0;3;12;2017-04-07
422;"420676.jpg";"Aas";310;"a";420676;"Peter";"Aas";20;"";45;NA;NA;"0.0";"0.0";0;0;0;0;FALSE;0;"0.0";"0.0";3;10;3;2;0;0;0;0;0;0;"0.0";"0.0";"0.0";FALSE;0;0;0;0;0;0;0;0;0;0;0;0;3;14;2017-04-07
423;"247416.jpg";"Borchgrevink";311;"a";247416;"Christian";"Borchgrevink";18;"";45;NA;NA;"0.0";"0.0";0;0;0;0;FALSE;0;"0.0";"0.0";0;5;0;1;0;0;0;0;0;0;"0.0";"0.0";"0.0";FALSE;0;0;0;0;0;0;0;0;0;0;0;0;2;15;2017-04-07
424;"59124.jpg";"Shroot";312;"a";59124;"Robin";"Shroot";NA;"";50;NA;NA;"0.2";"0.4";0;0;0;0;FALSE;0;"0.1";"1.0";9;32;5;7;0;0;0;0;2;1;"1.0";"1.0";"1.0";FALSE;58;0;0;0;1;0;0;0;0;0;0;0;4;16;2017-04-07
425;"420997.jpg";"Olden Larsen";311;"a";420997;"Lars";"Olden Larsen";53;"";45;NA;NA;"0.0";"0.0";0;0;0;0;FALSE;0;"0.0";"0.0";1;10;1;5;0;0;0;0;0;0;"0.0";"0.0";"0.0";FALSE;0;0;0;0;0;0;0;0;0;0;0;0;3;15;2017-04-07
426;"219231.jpg";"Kristiansen";305;"a";219231;"Henrik Loholt";"Kristiansen";NA;"";45;NA;NA;"0.0";"0.0";0;0;0;0;FALSE;0;"0.0";"0.0";1;5;1;4;0;0;0;0;0;0;"0.0";"0.0";"0.0";FALSE;0;0;0;0;0;0;0;0;0;0;0;0;3;5;2017-04-07
427;"420961.jpg";"Holt";3334;"a";420961;"Mats";"Holt";23;"";40;NA;NA;"0.1";"0.3";0;0;0;0;FALSE;0;"0.0";"0.5";1;2;1;2;0;0;0;0;1;1;"1.0";"1.0";"1.0";FALSE;4;0;0;0;0;0;0;0;0;0;0;0;2;9;2017-04-07
428;"53182.jpg";"Janukiewicz";2364;"a";53182;"Radoslaw";"Janukiewicz";12;"";40;NA;NA;"0.3";"0.5";0;0;0;0;FALSE;0;"0.1";"1.0";0;29;0;25;0;0;0;0;2;2;"2.0";"1.0";"1.0";FALSE;90;0;0;0;3;0;0;0;0;4;0;0;1;13;2017-04-07
429;"420965.jpg";"Brynhildsen";278;"a";420965;"Ola";"Brynhildsen";30;"";45;NA;NA;"0.0";"0.0";0;0;0;0;FALSE;0;"0.0";"0.0";0;0;0;0;0;0;0;0;0;0;"0.0";"0.0";"0.0";FALSE;0;0;0;0;0;0;0;0;0;0;0;0;3;12;2017-04-07
430;"420964.jpg";"Rena Olsen";278;"a";420964;"Morten";"Rena Olsen";45;"";40;NA;NA;"0.0";"0.0";0;0;0;0;FALSE;0;"0.0";"0.0";0;1;0;0;0;0;0;0;0;0;"0.0";"0.0";"0.0";FALSE;0;0;0;0;0;0;0;0;0;0;0;0;2;12;2017-04-07
